CATALOG_ID,SHIP_CATALOG_ID,DYNAMIC_CATALOG_ID,SCENARIO_CATALOG_ID
0,0,0,14
1,0,0,3
2,0,0,35
3,0,0,31
4,1,1,14
5,1,1,3
6,1,1,28
7,1,1,17
8,2,2,14
9,2,2,3
10,2,2,13
11,2,2,69
12,3,3,14
13,3,3,3
14,3,3,11
15,3,3,75
16,4,4,14
17,4,4,3
18,4,4,54
19,4,4,4
20,5,5,14
21,5,5,3
22,5,5,11
23,5,5,27
24,6,6,14
25,6,6,3
26,6,6,29
27,6,6,64
28,7,7,14
29,7,7,3
30,7,7,77
31,7,7,71
32,8,8,14
33,8,8,3
34,8,8,25
35,8,8,69
36,9,9,14
37,9,9,3
38,9,9,53
39,9,9,28
40,10,10,14
41,10,10,3
42,10,10,57
43,10,10,75
44,11,11,14
45,11,11,3
46,11,11,35
47,11,11,0
48,12,12,14
49,12,12,3
50,12,12,20
51,12,12,54
52,13,13,14
53,13,13,3
54,13,13,43
55,13,13,35
56,14,14,14
57,14,14,3
58,14,14,19
59,14,14,27
60,15,15,14
61,15,15,3
62,15,15,43
63,15,15,13
64,16,16,14
65,16,16,3
66,16,16,11
67,16,16,48
68,17,17,14
69,17,17,3
70,17,17,12
71,17,17,45
72,18,18,14
73,18,18,3
74,18,18,44
75,18,18,77
76,19,19,14
77,19,19,3
78,19,19,33
79,19,19,5
80,20,20,14
81,20,20,3
82,20,20,58
83,20,20,68
84,21,21,14
85,21,21,3
86,21,21,15
87,21,21,48
88,22,22,14
89,22,22,3
90,22,22,10
91,22,22,70
92,23,23,14
93,23,23,3
94,23,23,37
95,23,23,79
96,24,24,14
97,24,24,3
98,24,24,46
99,24,24,73
100,25,25,14
101,25,25,3
102,25,25,24
103,25,25,8
104,26,26,14
105,26,26,3
106,26,26,5
107,26,26,29
108,27,27,14
109,27,27,3
110,27,27,37
111,27,27,10
112,28,28,14
113,28,28,3
114,28,28,29
115,28,28,12
116,29,29,14
117,29,29,3
118,29,29,48
119,29,29,35
120,30,30,14
121,30,30,3
122,30,30,58
123,30,30,46
124,31,31,14
125,31,31,3
126,31,31,20
127,31,31,47
128,32,32,14
129,32,32,3
130,32,32,45
131,32,32,26
132,33,33,14
133,33,33,3
134,33,33,34
135,33,33,9
136,34,34,14
137,34,34,3
138,34,34,77
139,34,34,21
140,35,35,14
141,35,35,3
142,35,35,68
143,35,35,31
144,36,36,14
145,36,36,3
146,36,36,20
147,36,36,59
148,37,37,14
149,37,37,3
150,37,37,48
151,37,37,34
152,38,38,14
153,38,38,3
154,38,38,71
155,38,38,28
156,39,39,14
157,39,39,3
158,39,39,41
159,39,39,7
160,40,40,14
161,40,40,3
162,40,40,29
163,40,40,4
164,41,41,14
165,41,41,3
166,41,41,40
167,41,41,51
168,42,42,14
169,42,42,3
170,42,42,34
171,42,42,8
172,43,43,14
173,43,43,3
174,43,43,27
175,43,43,72
176,44,44,14
177,44,44,3
178,44,44,40
179,44,44,27
180,45,45,14
181,45,45,3
182,45,45,63
183,45,45,50
184,46,46,14
185,46,46,3
186,46,46,58
187,46,46,18
188,47,47,14
189,47,47,3
190,47,47,33
191,47,47,17
192,48,48,14
193,48,48,3
194,48,48,31
195,48,48,71
196,49,49,14
197,49,49,3
198,49,49,68
199,49,49,33
200,50,50,14
201,50,50,3
202,50,50,74
203,50,50,54
204,51,51,14
205,51,51,3
206,51,51,74
207,51,51,51
208,52,52,14
209,52,52,3
210,52,52,46
211,52,52,28
212,53,53,14
213,53,53,3
214,53,53,17
215,53,53,65
216,54,54,14
217,54,54,3
218,54,54,63
219,54,54,11
220,55,55,14
221,55,55,3
222,55,55,6
223,55,55,19
224,56,56,14
225,56,56,3
226,56,56,20
227,56,56,54
228,57,57,14
229,57,57,3
230,57,57,76
231,57,57,8
232,58,58,14
233,58,58,3
234,58,58,49
235,58,58,76
236,59,59,14
237,59,59,3
238,59,59,59
239,59,59,67
240,60,60,14
241,60,60,3
242,60,60,32
243,60,60,70
244,61,61,14
245,61,61,3
246,61,61,1
247,61,61,68
248,62,62,14
249,62,62,3
250,62,62,34
251,62,62,43
252,63,63,14
253,63,63,3
254,63,63,37
255,63,63,55
256,64,64,14
257,64,64,3
258,64,64,20
259,64,64,58
260,65,65,14
261,65,65,3
262,65,65,0
263,65,65,33
264,66,66,14
265,66,66,3
266,66,66,64
267,66,66,22
268,67,67,14
269,67,67,3
270,67,67,64
271,67,67,13
272,68,68,14
273,68,68,3
274,68,68,38
275,68,68,64
276,69,69,14
277,69,69,3
278,69,69,77
279,69,69,25
280,70,70,14
281,70,70,3
282,70,70,19
283,70,70,47
284,71,71,14
285,71,71,3
286,71,71,20
287,71,71,69
288,72,72,14
289,72,72,3
290,72,72,67
291,72,72,0
292,73,73,14
293,73,73,3
294,73,73,76
295,73,73,41
296,74,74,14
297,74,74,3
298,74,74,62
299,74,74,2
300,75,75,14
301,75,75,3
302,75,75,46
303,75,75,39
304,76,76,14
305,76,76,3
306,76,76,30
307,76,76,7
308,77,77,14
309,77,77,3
310,77,77,30
311,77,77,72
312,78,78,14
313,78,78,3
314,78,78,10
315,78,78,62
316,79,79,14
317,79,79,3
318,79,79,8
319,79,79,68
320,80,80,14
321,80,80,3
322,80,80,16
323,80,80,60
324,81,81,14
325,81,81,3
326,81,81,70
327,81,81,21
328,82,82,14
329,82,82,3
330,82,82,33
331,82,82,67
332,83,83,14
333,83,83,3
334,83,83,77
335,83,83,54
336,84,84,14
337,84,84,3
338,84,84,27
339,84,84,69
340,85,85,14
341,85,85,3
342,85,85,25
343,85,85,39
344,86,86,14
345,86,86,3
346,86,86,51
347,86,86,47
348,87,87,14
349,87,87,3
350,87,87,56
351,87,87,66
352,88,88,14
353,88,88,3
354,88,88,57
355,88,88,15
356,89,89,14
357,89,89,3
358,89,89,31
359,89,89,8
360,90,90,14
361,90,90,3
362,90,90,43
363,90,90,2
364,91,91,14
365,91,91,3
366,91,91,75
367,91,91,70
368,92,92,14
369,92,92,3
370,92,92,29
371,92,92,75
372,93,93,14
373,93,93,3
374,93,93,28
375,93,93,0
376,94,94,14
377,94,94,3
378,94,94,9
379,94,94,7
380,95,95,14
381,95,95,3
382,95,95,29
383,95,95,8
384,96,96,14
385,96,96,3
386,96,96,4
387,96,96,42
388,97,97,14
389,97,97,3
390,97,97,9
391,97,97,65
392,98,98,14
393,98,98,3
394,98,98,30
395,98,98,35
396,99,99,14
397,99,99,3
398,99,99,62
399,99,99,27
400,100,100,14
401,100,100,3
402,100,100,69
403,100,100,16
404,101,101,14
405,101,101,3
406,101,101,73
407,101,101,60
408,102,102,14
409,102,102,3
410,102,102,31
411,102,102,60
412,103,103,14
413,103,103,3
414,103,103,52
415,103,103,24
416,104,104,14
417,104,104,3
418,104,104,12
419,104,104,55
420,105,105,14
421,105,105,3
422,105,105,45
423,105,105,54
424,106,106,14
425,106,106,3
426,106,106,52
427,106,106,59
428,107,107,14
429,107,107,3
430,107,107,6
431,107,107,12
432,108,108,14
433,108,108,3
434,108,108,7
435,108,108,51
436,109,109,14
437,109,109,3
438,109,109,43
439,109,109,13
440,110,110,14
441,110,110,3
442,110,110,31
443,110,110,24
444,111,111,14
445,111,111,3
446,111,111,24
447,111,111,68
448,112,112,14
449,112,112,3
450,112,112,57
451,112,112,17
452,113,113,14
453,113,113,3
454,113,113,54
455,113,113,23
456,114,114,14
457,114,114,3
458,114,114,35
459,114,114,59
460,115,115,14
461,115,115,3
462,115,115,31
463,115,115,9
464,116,116,14
465,116,116,3
466,116,116,56
467,116,116,70
468,117,117,14
469,117,117,3
470,117,117,12
471,117,117,6
472,118,118,14
473,118,118,3
474,118,118,69
475,118,118,1
476,119,119,14
477,119,119,3
478,119,119,11
479,119,119,30
480,120,120,14
481,120,120,3
482,120,120,21
483,120,120,52
484,121,121,14
485,121,121,3
486,121,121,62
487,121,121,27
488,122,122,14
489,122,122,3
490,122,122,51
491,122,122,7
492,123,123,14
493,123,123,3
494,123,123,21
495,123,123,48
496,124,124,14
497,124,124,3
498,124,124,0
499,124,124,49
500,125,125,14
501,125,125,3
502,125,125,33
503,125,125,58
504,126,126,14
505,126,126,3
506,126,126,36
507,126,126,54
508,127,127,14
509,127,127,3
510,127,127,71
511,127,127,62
512,128,128,14
513,128,128,3
514,128,128,19
515,128,128,24
516,129,129,14
517,129,129,3
518,129,129,37
519,129,129,27
520,130,130,14
521,130,130,3
522,130,130,7
523,130,130,74
524,131,131,14
525,131,131,3
526,131,131,69
527,131,131,7
528,132,132,14
529,132,132,3
530,132,132,40
531,132,132,7
532,133,133,14
533,133,133,3
534,133,133,6
535,133,133,74
536,134,134,14
537,134,134,3
538,134,134,61
539,134,134,64
540,135,135,14
541,135,135,3
542,135,135,67
543,135,135,20
544,136,136,14
545,136,136,3
546,136,136,7
547,136,136,65
548,137,137,14
549,137,137,3
550,137,137,10
551,137,137,23
552,138,138,14
553,138,138,3
554,138,138,8
555,138,138,76
556,139,139,14
557,139,139,3
558,139,139,8
559,139,139,30
560,140,140,14
561,140,140,3
562,140,140,51
563,140,140,15
564,141,141,14
565,141,141,3
566,141,141,72
567,141,141,31
568,142,142,14
569,142,142,3
570,142,142,74
571,142,142,76
572,143,143,14
573,143,143,3
574,143,143,5
575,143,143,79
576,144,144,14
577,144,144,3
578,144,144,10
579,144,144,53
580,145,145,14
581,145,145,3
582,145,145,74
583,145,145,66
584,146,146,14
585,146,146,3
586,146,146,40
587,146,146,33
588,147,147,14
589,147,147,3
590,147,147,26
591,147,147,40
592,148,148,14
593,148,148,3
594,148,148,30
595,148,148,33
596,149,149,14
597,149,149,3
598,149,149,50
599,149,149,16
600,150,150,14
601,150,150,3
602,150,150,38
603,150,150,58
604,151,151,14
605,151,151,3
606,151,151,40
607,151,151,9
608,152,152,14
609,152,152,3
610,152,152,1
611,152,152,58
612,153,153,14
613,153,153,3
614,153,153,79
615,153,153,72
616,154,154,14
617,154,154,3
618,154,154,12
619,154,154,9
620,155,155,14
621,155,155,3
622,155,155,68
623,155,155,27
624,156,156,14
625,156,156,3
626,156,156,64
627,156,156,33
628,157,157,14
629,157,157,3
630,157,157,16
631,157,157,44
632,158,158,14
633,158,158,3
634,158,158,8
635,158,158,31
636,159,159,14
637,159,159,3
638,159,159,47
639,159,159,36
640,160,160,14
641,160,160,3
642,160,160,20
643,160,160,56
644,161,161,14
645,161,161,3
646,161,161,69
647,161,161,38
648,162,162,14
649,162,162,3
650,162,162,78
651,162,162,67
652,163,163,14
653,163,163,3
654,163,163,1
655,163,163,70
656,164,164,14
657,164,164,3
658,164,164,38
659,164,164,13
660,165,165,14
661,165,165,3
662,165,165,17
663,165,165,33
664,166,166,14
665,166,166,3
666,166,166,13
667,166,166,70
668,167,167,14
669,167,167,3
670,167,167,19
671,167,167,34
672,168,168,14
673,168,168,3
674,168,168,36
675,168,168,77
676,169,169,14
677,169,169,3
678,169,169,26
679,169,169,43
680,170,170,14
681,170,170,3
682,170,170,26
683,170,170,33
684,171,171,14
685,171,171,3
686,171,171,64
687,171,171,62
688,172,172,14
689,172,172,3
690,172,172,32
691,172,172,6
692,173,173,14
693,173,173,3
694,173,173,11
695,173,173,54
696,174,174,14
697,174,174,3
698,174,174,35
699,174,174,5
700,175,175,14
701,175,175,3
702,175,175,0
703,175,175,42
704,176,176,14
705,176,176,3
706,176,176,16
707,176,176,33
708,177,177,14
709,177,177,3
710,177,177,20
711,177,177,56
712,178,178,14
713,178,178,3
714,178,178,70
715,178,178,54
716,179,179,14
717,179,179,3
718,179,179,71
719,179,179,1
720,180,180,14
721,180,180,3
722,180,180,9
723,180,180,19
724,181,181,14
725,181,181,3
726,181,181,69
727,181,181,4
728,182,182,14
729,182,182,3
730,182,182,47
731,182,182,74
732,183,183,14
733,183,183,3
734,183,183,70
735,183,183,18
736,184,184,14
737,184,184,3
738,184,184,55
739,184,184,16
740,185,185,14
741,185,185,3
742,185,185,5
743,185,185,39
744,186,186,14
745,186,186,3
746,186,186,46
747,186,186,5
748,187,187,14
749,187,187,3
750,187,187,45
751,187,187,26
752,188,188,14
753,188,188,3
754,188,188,31
755,188,188,13
756,189,189,14
757,189,189,3
758,189,189,45
759,189,189,71
760,190,190,14
761,190,190,3
762,190,190,52
763,190,190,79
764,191,191,14
765,191,191,3
766,191,191,19
767,191,191,30
768,192,192,14
769,192,192,3
770,192,192,20
771,192,192,52
772,193,193,14
773,193,193,3
774,193,193,22
775,193,193,42
776,194,194,14
777,194,194,3
778,194,194,52
779,194,194,31
780,195,195,14
781,195,195,3
782,195,195,34
783,195,195,20
784,196,196,14
785,196,196,3
786,196,196,13
787,196,196,48
788,197,197,14
789,197,197,3
790,197,197,4
791,197,197,60
792,198,198,14
793,198,198,3
794,198,198,28
795,198,198,25
796,199,199,14
797,199,199,3
798,199,199,58
799,199,199,44
800,200,200,14
801,200,200,3
802,200,200,39
803,200,200,29
804,201,201,14
805,201,201,3
806,201,201,28
807,201,201,24
808,202,202,14
809,202,202,3
810,202,202,51
811,202,202,42
812,203,203,14
813,203,203,3
814,203,203,35
815,203,203,8
816,204,204,14
817,204,204,3
818,204,204,35
819,204,204,44
820,205,205,14
821,205,205,3
822,205,205,65
823,205,205,51
824,206,206,14
825,206,206,3
826,206,206,68
827,206,206,42
828,207,207,14
829,207,207,3
830,207,207,33
831,207,207,22
832,208,208,14
833,208,208,3
834,208,208,74
835,208,208,33
836,209,209,14
837,209,209,3
838,209,209,4
839,209,209,13
840,210,210,14
841,210,210,3
842,210,210,76
843,210,210,55
844,211,211,14
845,211,211,3
846,211,211,44
847,211,211,40
848,212,212,14
849,212,212,3
850,212,212,55
851,212,212,77
852,213,213,14
853,213,213,3
854,213,213,65
855,213,213,49
856,214,214,14
857,214,214,3
858,214,214,73
859,214,214,24
860,215,215,14
861,215,215,3
862,215,215,32
863,215,215,5
864,216,216,14
865,216,216,3
866,216,216,55
867,216,216,0
868,217,217,14
869,217,217,3
870,217,217,66
871,217,217,68
872,218,218,14
873,218,218,3
874,218,218,25
875,218,218,46
876,219,219,14
877,219,219,3
878,219,219,55
879,219,219,8
880,220,220,14
881,220,220,3
882,220,220,42
883,220,220,79
884,221,221,14
885,221,221,3
886,221,221,40
887,221,221,15
888,222,222,14
889,222,222,3
890,222,222,38
891,222,222,64
892,223,223,14
893,223,223,3
894,223,223,39
895,223,223,52
896,224,224,14
897,224,224,3
898,224,224,41
899,224,224,51
900,225,225,14
901,225,225,3
902,225,225,37
903,225,225,70
904,226,226,14
905,226,226,3
906,226,226,16
907,226,226,24
908,227,227,14
909,227,227,3
910,227,227,53
911,227,227,48
912,228,228,14
913,228,228,3
914,228,228,22
915,228,228,78
916,229,229,14
917,229,229,3
918,229,229,72
919,229,229,38
920,230,230,14
921,230,230,3
922,230,230,51
923,230,230,70
924,231,231,14
925,231,231,3
926,231,231,0
927,231,231,38
928,232,232,14
929,232,232,3
930,232,232,36
931,232,232,26
932,233,233,14
933,233,233,3
934,233,233,55
935,233,233,74
936,234,234,14
937,234,234,3
938,234,234,77
939,234,234,41
940,235,235,14
941,235,235,3
942,235,235,59
943,235,235,27
944,236,236,14
945,236,236,3
946,236,236,65
947,236,236,60
948,237,237,14
949,237,237,3
950,237,237,21
951,237,237,10
952,238,238,14
953,238,238,3
954,238,238,36
955,238,238,65
956,239,239,14
957,239,239,3
958,239,239,79
959,239,239,42
960,240,240,14
961,240,240,3
962,240,240,11
963,240,240,30
964,241,241,14
965,241,241,3
966,241,241,39
967,241,241,28
968,242,242,14
969,242,242,3
970,242,242,25
971,242,242,18
972,243,243,14
973,243,243,3
974,243,243,5
975,243,243,31
976,244,244,14
977,244,244,3
978,244,244,60
979,244,244,78
980,245,245,14
981,245,245,3
982,245,245,9
983,245,245,58
984,246,246,14
985,246,246,3
986,246,246,53
987,246,246,73
988,247,247,14
989,247,247,3
990,247,247,24
991,247,247,49
992,248,248,14
993,248,248,3
994,248,248,63
995,248,248,51
996,249,249,14
997,249,249,3
998,249,249,31
999,249,249,18
1000,250,250,14
1001,250,250,3
1002,250,250,0
1003,250,250,13
1004,251,251,14
1005,251,251,3
1006,251,251,54
1007,251,251,28
1008,252,252,14
1009,252,252,3
1010,252,252,22
1011,252,252,66
1012,253,253,14
1013,253,253,3
1014,253,253,59
1015,253,253,6
1016,254,254,14
1017,254,254,3
1018,254,254,71
1019,254,254,31
1020,255,255,14
1021,255,255,3
1022,255,255,15
1023,255,255,58
1024,256,256,14
1025,256,256,3
1026,256,256,17
1027,256,256,59
1028,257,257,14
1029,257,257,3
1030,257,257,67
1031,257,257,71
1032,258,258,14
1033,258,258,3
1034,258,258,76
1035,258,258,40
1036,259,259,14
1037,259,259,3
1038,259,259,56
1039,259,259,78
1040,260,260,14
1041,260,260,3
1042,260,260,64
1043,260,260,54
1044,261,261,14
1045,261,261,3
1046,261,261,70
1047,261,261,57
1048,262,262,14
1049,262,262,3
1050,262,262,20
1051,262,262,60
1052,263,263,14
1053,263,263,3
1054,263,263,57
1055,263,263,33
1056,264,264,14
1057,264,264,3
1058,264,264,31
1059,264,264,35
1060,265,265,14
1061,265,265,3
1062,265,265,66
1063,265,265,62
1064,266,266,14
1065,266,266,3
1066,266,266,30
1067,266,266,35
1068,267,267,14
1069,267,267,3
1070,267,267,56
1071,267,267,9
1072,268,268,14
1073,268,268,3
1074,268,268,36
1075,268,268,30
1076,269,269,14
1077,269,269,3
1078,269,269,34
1079,269,269,42
1080,270,270,14
1081,270,270,3
1082,270,270,40
1083,270,270,69
1084,271,271,14
1085,271,271,3
1086,271,271,10
1087,271,271,17
1088,272,272,14
1089,272,272,3
1090,272,272,19
1091,272,272,29
1092,273,273,14
1093,273,273,3
1094,273,273,49
1095,273,273,19
1096,274,274,14
1097,274,274,3
1098,274,274,27
1099,274,274,8
1100,275,275,14
1101,275,275,3
1102,275,275,53
1103,275,275,42
1104,276,276,14
1105,276,276,3
1106,276,276,69
1107,276,276,59
1108,277,277,14
1109,277,277,3
1110,277,277,53
1111,277,277,7
1112,278,278,14
1113,278,278,3
1114,278,278,26
1115,278,278,53
1116,279,279,14
1117,279,279,3
1118,279,279,49
1119,279,279,74
1120,280,280,14
1121,280,280,3
1122,280,280,2
1123,280,280,73
1124,281,281,14
1125,281,281,3
1126,281,281,48
1127,281,281,61
1128,282,282,14
1129,282,282,3
1130,282,282,0
1131,282,282,45
1132,283,283,14
1133,283,283,3
1134,283,283,38
1135,283,283,49
1136,284,284,14
1137,284,284,3
1138,284,284,53
1139,284,284,68
1140,285,285,14
1141,285,285,3
1142,285,285,69
1143,285,285,77
1144,286,286,14
1145,286,286,3
1146,286,286,28
1147,286,286,62
1148,287,287,14
1149,287,287,3
1150,287,287,28
1151,287,287,34
1152,288,288,14
1153,288,288,3
1154,288,288,55
1155,288,288,62
1156,289,289,14
1157,289,289,3
1158,289,289,49
1159,289,289,43
1160,290,290,14
1161,290,290,3
1162,290,290,51
1163,290,290,21
1164,291,291,14
1165,291,291,3
1166,291,291,59
1167,291,291,16
1168,292,292,14
1169,292,292,3
1170,292,292,79
1171,292,292,68
1172,293,293,14
1173,293,293,3
1174,293,293,50
1175,293,293,75
1176,294,294,14
1177,294,294,3
1178,294,294,72
1179,294,294,10
1180,295,295,14
1181,295,295,3
1182,295,295,54
1183,295,295,17
1184,296,296,14
1185,296,296,3
1186,296,296,59
1187,296,296,23
1188,297,297,14
1189,297,297,3
1190,297,297,6
1191,297,297,33
1192,298,298,14
1193,298,298,3
1194,298,298,48
1195,298,298,41
1196,299,299,14
1197,299,299,3
1198,299,299,27
1199,299,299,58
1200,300,300,14
1201,300,300,3
1202,300,300,41
1203,300,300,48
1204,301,301,14
1205,301,301,3
1206,301,301,35
1207,301,301,53
1208,302,302,14
1209,302,302,3
1210,302,302,32
1211,302,302,10
1212,303,303,14
1213,303,303,3
1214,303,303,60
1215,303,303,2
1216,304,304,14
1217,304,304,3
1218,304,304,69
1219,304,304,6
1220,305,305,14
1221,305,305,3
1222,305,305,44
1223,305,305,28
1224,306,306,14
1225,306,306,3
1226,306,306,8
1227,306,306,5
1228,307,307,14
1229,307,307,3
1230,307,307,31
1231,307,307,25
1232,308,308,14
1233,308,308,3
1234,308,308,2
1235,308,308,79
1236,309,309,14
1237,309,309,3
1238,309,309,19
1239,309,309,30
1240,310,310,14
1241,310,310,3
1242,310,310,16
1243,310,310,60
1244,311,311,14
1245,311,311,3
1246,311,311,72
1247,311,311,27
1248,312,312,14
1249,312,312,3
1250,312,312,59
1251,312,312,32
1252,313,313,14
1253,313,313,3
1254,313,313,47
1255,313,313,21
1256,314,314,14
1257,314,314,3
1258,314,314,77
1259,314,314,20
1260,315,315,14
1261,315,315,3
1262,315,315,39
1263,315,315,13
1264,316,316,14
1265,316,316,3
1266,316,316,74
1267,316,316,39
1268,317,317,14
1269,317,317,3
1270,317,317,73
1271,317,317,48
1272,318,318,14
1273,318,318,3
1274,318,318,50
1275,318,318,25
1276,319,319,14
1277,319,319,3
1278,319,319,9
1279,319,319,75
1280,320,320,14
1281,320,320,3
1282,320,320,31
1283,320,320,13
1284,321,321,14
1285,321,321,3
1286,321,321,38
1287,321,321,76
1288,322,322,14
1289,322,322,3
1290,322,322,15
1291,322,322,72
1292,323,323,14
1293,323,323,3
1294,323,323,5
1295,323,323,44
1296,324,324,14
1297,324,324,3
1298,324,324,68
1299,324,324,54
1300,325,325,14
1301,325,325,3
1302,325,325,47
1303,325,325,8
1304,326,326,14
1305,326,326,3
1306,326,326,64
1307,326,326,43
1308,327,327,14
1309,327,327,3
1310,327,327,1
1311,327,327,53
1312,328,328,14
1313,328,328,3
1314,328,328,62
1315,328,328,13
1316,329,329,14
1317,329,329,3
1318,329,329,55
1319,329,329,46
1320,330,330,14
1321,330,330,3
1322,330,330,58
1323,330,330,19
1324,331,331,14
1325,331,331,3
1326,331,331,55
1327,331,331,22
1328,332,332,14
1329,332,332,3
1330,332,332,66
1331,332,332,34
1332,333,333,14
1333,333,333,3
1334,333,333,78
1335,333,333,68
1336,334,334,14
1337,334,334,3
1338,334,334,61
1339,334,334,59
1340,335,335,14
1341,335,335,3
1342,335,335,55
1343,335,335,75
1344,336,336,14
1345,336,336,3
1346,336,336,34
1347,336,336,41
1348,337,337,14
1349,337,337,3
1350,337,337,31
1351,337,337,11
1352,338,338,14
1353,338,338,3
1354,338,338,35
1355,338,338,57
1356,339,339,14
1357,339,339,3
1358,339,339,31
1359,339,339,59
1360,340,340,14
1361,340,340,3
1362,340,340,72
1363,340,340,78
1364,341,341,14
1365,341,341,3
1366,341,341,48
1367,341,341,43
1368,342,342,14
1369,342,342,3
1370,342,342,63
1371,342,342,41
1372,343,343,14
1373,343,343,3
1374,343,343,23
1375,343,343,62
1376,344,344,14
1377,344,344,3
1378,344,344,27
1379,344,344,45
1380,345,345,14
1381,345,345,3
1382,345,345,33
1383,345,345,43
1384,346,346,14
1385,346,346,3
1386,346,346,35
1387,346,346,76
1388,347,347,14
1389,347,347,3
1390,347,347,35
1391,347,347,71
1392,348,348,14
1393,348,348,3
1394,348,348,1
1395,348,348,66
1396,349,349,14
1397,349,349,3
1398,349,349,24
1399,349,349,10
1400,350,350,14
1401,350,350,3
1402,350,350,30
1403,350,350,52
1404,351,351,14
1405,351,351,3
1406,351,351,62
1407,351,351,71
1408,352,352,14
1409,352,352,3
1410,352,352,30
1411,352,352,60
1412,353,353,14
1413,353,353,3
1414,353,353,62
1415,353,353,57
1416,354,354,14
1417,354,354,3
1418,354,354,2
1419,354,354,11
1420,355,355,14
1421,355,355,3
1422,355,355,37
1423,355,355,28
1424,356,356,14
1425,356,356,3
1426,356,356,51
1427,356,356,31
1428,357,357,14
1429,357,357,3
1430,357,357,39
1431,357,357,74
1432,358,358,14
1433,358,358,3
1434,358,358,47
1435,358,358,60
1436,359,359,14
1437,359,359,3
1438,359,359,70
1439,359,359,67
1440,360,360,14
1441,360,360,3
1442,360,360,44
1443,360,360,54
1444,361,361,14
1445,361,361,3
1446,361,361,70
1447,361,361,42
1448,362,362,14
1449,362,362,3
1450,362,362,45
1451,362,362,58
1452,363,363,14
1453,363,363,3
1454,363,363,34
1455,363,363,39
1456,364,364,14
1457,364,364,3
1458,364,364,32
1459,364,364,29
1460,365,365,14
1461,365,365,3
1462,365,365,15
1463,365,365,24
1464,366,366,14
1465,366,366,3
1466,366,366,40
1467,366,366,15
1468,367,367,14
1469,367,367,3
1470,367,367,68
1471,367,367,23
1472,368,368,14
1473,368,368,3
1474,368,368,24
1475,368,368,61
1476,369,369,14
1477,369,369,3
1478,369,369,35
1479,369,369,75
1480,370,370,14
1481,370,370,3
1482,370,370,67
1483,370,370,76
1484,371,371,14
1485,371,371,3
1486,371,371,36
1487,371,371,12
1488,372,372,14
1489,372,372,3
1490,372,372,24
1491,372,372,37
1492,373,373,14
1493,373,373,3
1494,373,373,29
1495,373,373,46
1496,374,374,14
1497,374,374,3
1498,374,374,22
1499,374,374,38
1500,375,375,14
1501,375,375,3
1502,375,375,1
1503,375,375,68
1504,376,376,14
1505,376,376,3
1506,376,376,16
1507,376,376,35
1508,377,377,14
1509,377,377,3
1510,377,377,5
1511,377,377,70
1512,378,378,14
1513,378,378,3
1514,378,378,37
1515,378,378,16
1516,379,379,14
1517,379,379,3
1518,379,379,62
1519,379,379,13
1520,380,380,14
1521,380,380,3
1522,380,380,1
1523,380,380,73
1524,381,381,14
1525,381,381,3
1526,381,381,36
1527,381,381,60
1528,382,382,14
1529,382,382,3
1530,382,382,61
1531,382,382,56
1532,383,383,14
1533,383,383,3
1534,383,383,43
1535,383,383,23
1536,384,384,14
1537,384,384,3
1538,384,384,6
1539,384,384,32
1540,385,385,14
1541,385,385,3
1542,385,385,61
1543,385,385,8
1544,386,386,14
1545,386,386,3
1546,386,386,51
1547,386,386,62
1548,387,387,14
1549,387,387,3
1550,387,387,9
1551,387,387,73
1552,388,388,14
1553,388,388,3
1554,388,388,6
1555,388,388,19
1556,389,389,14
1557,389,389,3
1558,389,389,19
1559,389,389,72
1560,390,390,14
1561,390,390,3
1562,390,390,38
1563,390,390,10
1564,391,391,14
1565,391,391,3
1566,391,391,31
1567,391,391,15
1568,392,392,14
1569,392,392,3
1570,392,392,71
1571,392,392,53
1572,393,393,14
1573,393,393,3
1574,393,393,77
1575,393,393,28
1576,394,394,14
1577,394,394,3
1578,394,394,66
1579,394,394,48
1580,395,395,14
1581,395,395,3
1582,395,395,57
1583,395,395,38
1584,396,396,14
1585,396,396,3
1586,396,396,75
1587,396,396,54
1588,397,397,14
1589,397,397,3
1590,397,397,39
1591,397,397,72
1592,398,398,14
1593,398,398,3
1594,398,398,79
1595,398,398,7
1596,399,399,14
1597,399,399,3
1598,399,399,78
1599,399,399,12
1600,400,400,14
1601,400,400,3
1602,400,400,26
1603,400,400,33
1604,401,401,14
1605,401,401,3
1606,401,401,10
1607,401,401,20
1608,402,402,14
1609,402,402,3
1610,402,402,30
1611,402,402,22
1612,403,403,14
1613,403,403,3
1614,403,403,70
1615,403,403,9
1616,404,404,14
1617,404,404,3
1618,404,404,20
1619,404,404,0
1620,405,405,14
1621,405,405,3
1622,405,405,52
1623,405,405,57
1624,406,406,14
1625,406,406,3
1626,406,406,76
1627,406,406,60
1628,407,407,14
1629,407,407,3
1630,407,407,37
1631,407,407,4
1632,408,408,14
1633,408,408,3
1634,408,408,29
1635,408,408,36
1636,409,409,14
1637,409,409,3
1638,409,409,36
1639,409,409,58
1640,410,410,14
1641,410,410,3
1642,410,410,9
1643,410,410,29
1644,411,411,14
1645,411,411,3
1646,411,411,33
1647,411,411,75
1648,412,412,14
1649,412,412,3
1650,412,412,25
1651,412,412,54
1652,413,413,14
1653,413,413,3
1654,413,413,69
1655,413,413,28
1656,414,414,14
1657,414,414,3
1658,414,414,19
1659,414,414,34
1660,415,415,14
1661,415,415,3
1662,415,415,18
1663,415,415,9
1664,416,416,14
1665,416,416,3
1666,416,416,7
1667,416,416,21
1668,417,417,14
1669,417,417,3
1670,417,417,39
1671,417,417,76
1672,418,418,14
1673,418,418,3
1674,418,418,72
1675,418,418,36
1676,419,419,14
1677,419,419,3
1678,419,419,56
1679,419,419,15
1680,420,420,14
1681,420,420,3
1682,420,420,59
1683,420,420,38
1684,421,421,14
1685,421,421,3
1686,421,421,51
1687,421,421,34
1688,422,422,14
1689,422,422,3
1690,422,422,64
1691,422,422,69
1692,423,423,14
1693,423,423,3
1694,423,423,63
1695,423,423,56
1696,424,424,14
1697,424,424,3
1698,424,424,10
1699,424,424,76
1700,425,425,14
1701,425,425,3
1702,425,425,5
1703,425,425,55
1704,426,426,14
1705,426,426,3
1706,426,426,41
1707,426,426,77
1708,427,427,14
1709,427,427,3
1710,427,427,32
1711,427,427,11
1712,428,428,14
1713,428,428,3
1714,428,428,29
1715,428,428,73
1716,429,429,14
1717,429,429,3
1718,429,429,75
1719,429,429,2
1720,430,430,14
1721,430,430,3
1722,430,430,34
1723,430,430,73
1724,431,431,14
1725,431,431,3
1726,431,431,5
1727,431,431,22
1728,432,432,14
1729,432,432,3
1730,432,432,60
1731,432,432,66
1732,433,433,14
1733,433,433,3
1734,433,433,56
1735,433,433,35
1736,434,434,14
1737,434,434,3
1738,434,434,23
1739,434,434,74
1740,435,435,14
1741,435,435,3
1742,435,435,55
1743,435,435,62
1744,436,436,14
1745,436,436,3
1746,436,436,11
1747,436,436,60
1748,437,437,14
1749,437,437,3
1750,437,437,44
1751,437,437,52
1752,438,438,14
1753,438,438,3
1754,438,438,42
1755,438,438,13
1756,439,439,14
1757,439,439,3
1758,439,439,20
1759,439,439,42
1760,440,440,14
1761,440,440,3
1762,440,440,52
1763,440,440,63
1764,441,441,14
1765,441,441,3
1766,441,441,36
1767,441,441,51
1768,442,442,14
1769,442,442,3
1770,442,442,70
1771,442,442,4
1772,443,443,14
1773,443,443,3
1774,443,443,58
1775,443,443,11
1776,444,444,14
1777,444,444,3
1778,444,444,40
1779,444,444,32
1780,445,445,14
1781,445,445,3
1782,445,445,41
1783,445,445,51
1784,446,446,14
1785,446,446,3
1786,446,446,65
1787,446,446,0
1788,447,447,14
1789,447,447,3
1790,447,447,69
1791,447,447,59
1792,448,448,14
1793,448,448,3
1794,448,448,52
1795,448,448,6
1796,449,449,14
1797,449,449,3
1798,449,449,24
1799,449,449,66
1800,450,450,14
1801,450,450,3
1802,450,450,46
1803,450,450,79
1804,451,451,14
1805,451,451,3
1806,451,451,63
1807,451,451,56
1808,452,452,14
1809,452,452,3
1810,452,452,6
1811,452,452,26
1812,453,453,14
1813,453,453,3
1814,453,453,34
1815,453,453,70
1816,454,454,14
1817,454,454,3
1818,454,454,16
1819,454,454,36
1820,455,455,14
1821,455,455,3
1822,455,455,56
1823,455,455,62
1824,456,456,14
1825,456,456,3
1826,456,456,15
1827,456,456,77
1828,457,457,14
1829,457,457,3
1830,457,457,30
1831,457,457,20
1832,458,458,14
1833,458,458,3
1834,458,458,39
1835,458,458,70
1836,459,459,14
1837,459,459,3
1838,459,459,1
1839,459,459,70
1840,460,460,14
1841,460,460,3
1842,460,460,52
1843,460,460,11
1844,461,461,14
1845,461,461,3
1846,461,461,28
1847,461,461,59
1848,462,462,14
1849,462,462,3
1850,462,462,15
1851,462,462,19
1852,463,463,14
1853,463,463,3
1854,463,463,63
1855,463,463,37
1856,464,464,14
1857,464,464,3
1858,464,464,65
1859,464,464,34
1860,465,465,14
1861,465,465,3
1862,465,465,53
1863,465,465,61
1864,466,466,14
1865,466,466,3
1866,466,466,60
1867,466,466,31
1868,467,467,14
1869,467,467,3
1870,467,467,58
1871,467,467,70
1872,468,468,14
1873,468,468,3
1874,468,468,18
1875,468,468,49
1876,469,469,14
1877,469,469,3
1878,469,469,24
1879,469,469,76
1880,470,470,14
1881,470,470,3
1882,470,470,65
1883,470,470,17
1884,471,471,14
1885,471,471,3
1886,471,471,8
1887,471,471,35
1888,472,472,14
1889,472,472,3
1890,472,472,53
1891,472,472,43
1892,473,473,14
1893,473,473,3
1894,473,473,64
1895,473,473,34
1896,474,474,14
1897,474,474,3
1898,474,474,0
1899,474,474,36
1900,475,475,14
1901,475,475,3
1902,475,475,38
1903,475,475,75
1904,476,476,14
1905,476,476,3
1906,476,476,74
1907,476,476,62
1908,477,477,14
1909,477,477,3
1910,477,477,19
1911,477,477,57
1912,478,478,14
1913,478,478,3
1914,478,478,68
1915,478,478,61
1916,479,479,14
1917,479,479,3
1918,479,479,44
1919,479,479,42
1920,480,480,14
1921,480,480,3
1922,480,480,70
1923,480,480,48
1924,481,481,14
1925,481,481,3
1926,481,481,58
1927,481,481,41
1928,482,482,14
1929,482,482,3
1930,482,482,24
1931,482,482,30
1932,483,483,14
1933,483,483,3
1934,483,483,73
1935,483,483,49
1936,484,484,14
1937,484,484,3
1938,484,484,29
1939,484,484,52
1940,485,485,14
1941,485,485,3
1942,485,485,5
1943,485,485,40
1944,486,486,14
1945,486,486,3
1946,486,486,60
1947,486,486,48
1948,487,487,14
1949,487,487,3
1950,487,487,49
1951,487,487,19
1952,488,488,14
1953,488,488,3
1954,488,488,63
1955,488,488,4
1956,489,489,14
1957,489,489,3
1958,489,489,16
1959,489,489,64
1960,490,490,14
1961,490,490,3
1962,490,490,75
1963,490,490,42
1964,491,491,14
1965,491,491,3
1966,491,491,12
1967,491,491,56
1968,492,492,14
1969,492,492,3
1970,492,492,12
1971,492,492,67
1972,493,493,14
1973,493,493,3
1974,493,493,58
1975,493,493,1
1976,494,494,14
1977,494,494,3
1978,494,494,18
1979,494,494,52
1980,495,495,14
1981,495,495,3
1982,495,495,19
1983,495,495,9
1984,496,496,14
1985,496,496,3
1986,496,496,60
1987,496,496,33
1988,497,497,14
1989,497,497,3
1990,497,497,43
1991,497,497,79
1992,498,498,14
1993,498,498,3
1994,498,498,50
1995,498,498,10
1996,499,499,14
1997,499,499,3
1998,499,499,42
1999,499,499,68
2000,500,500,14
2001,500,500,3
2002,500,500,48
2003,500,500,40
2004,501,501,14
2005,501,501,3
2006,501,501,62
2007,501,501,69
2008,502,502,14
2009,502,502,3
2010,502,502,4
2011,502,502,79
2012,503,503,14
2013,503,503,3
2014,503,503,8
2015,503,503,30
2016,504,504,14
2017,504,504,3
2018,504,504,36
2019,504,504,29
2020,505,505,14
2021,505,505,3
2022,505,505,11
2023,505,505,55
2024,506,506,14
2025,506,506,3
2026,506,506,12
2027,506,506,56
2028,507,507,14
2029,507,507,3
2030,507,507,21
2031,507,507,38
2032,508,508,14
2033,508,508,3
2034,508,508,5
2035,508,508,41
2036,509,509,14
2037,509,509,3
2038,509,509,7
2039,509,509,37
2040,510,510,14
2041,510,510,3
2042,510,510,45
2043,510,510,55
2044,511,511,14
2045,511,511,3
2046,511,511,18
2047,511,511,31
2048,512,512,14
2049,512,512,3
2050,512,512,67
2051,512,512,52
2052,513,513,14
2053,513,513,3
2054,513,513,72
2055,513,513,23
2056,514,514,14
2057,514,514,3
2058,514,514,21
2059,514,514,10
2060,515,515,14
2061,515,515,3
2062,515,515,78
2063,515,515,48
2064,516,516,14
2065,516,516,3
2066,516,516,79
2067,516,516,30
2068,517,517,14
2069,517,517,3
2070,517,517,63
2071,517,517,74
2072,518,518,14
2073,518,518,3
2074,518,518,18
2075,518,518,29
2076,519,519,14
2077,519,519,3
2078,519,519,59
2079,519,519,32
2080,520,520,14
2081,520,520,3
2082,520,520,58
2083,520,520,32
2084,521,521,14
2085,521,521,3
2086,521,521,1
2087,521,521,59
2088,522,522,14
2089,522,522,3
2090,522,522,36
2091,522,522,69
2092,523,523,14
2093,523,523,3
2094,523,523,20
2095,523,523,9
2096,524,524,14
2097,524,524,3
2098,524,524,56
2099,524,524,44
2100,525,525,14
2101,525,525,3
2102,525,525,75
2103,525,525,38
2104,526,526,14
2105,526,526,3
2106,526,526,54
2107,526,526,32
2108,527,527,14
2109,527,527,3
2110,527,527,58
2111,527,527,38
2112,528,528,14
2113,528,528,3
2114,528,528,25
2115,528,528,49
2116,529,529,14
2117,529,529,3
2118,529,529,61
2119,529,529,13
2120,530,530,14
2121,530,530,3
2122,530,530,30
2123,530,530,48
2124,531,531,14
2125,531,531,3
2126,531,531,73
2127,531,531,45
2128,532,532,14
2129,532,532,3
2130,532,532,73
2131,532,532,37
2132,533,533,14
2133,533,533,3
2134,533,533,37
2135,533,533,2
2136,534,534,14
2137,534,534,3
2138,534,534,50
2139,534,534,35
2140,535,535,14
2141,535,535,3
2142,535,535,1
2143,535,535,72
2144,536,536,14
2145,536,536,3
2146,536,536,6
2147,536,536,77
2148,537,537,14
2149,537,537,3
2150,537,537,63
2151,537,537,36
2152,538,538,14
2153,538,538,3
2154,538,538,29
2155,538,538,77
2156,539,539,14
2157,539,539,3
2158,539,539,45
2159,539,539,28
2160,540,540,14
2161,540,540,3
2162,540,540,24
2163,540,540,79
2164,541,541,14
2165,541,541,3
2166,541,541,32
2167,541,541,17
2168,542,542,14
2169,542,542,3
2170,542,542,12
2171,542,542,5
2172,543,543,14
2173,543,543,3
2174,543,543,39
2175,543,543,56
2176,544,544,14
2177,544,544,3
2178,544,544,4
2179,544,544,74
2180,545,545,14
2181,545,545,3
2182,545,545,46
2183,545,545,16
2184,546,546,14
2185,546,546,3
2186,546,546,11
2187,546,546,37
2188,547,547,14
2189,547,547,3
2190,547,547,41
2191,547,547,53
2192,548,548,14
2193,548,548,3
2194,548,548,22
2195,548,548,25
2196,549,549,14
2197,549,549,3
2198,549,549,16
2199,549,549,69
2200,550,550,14
2201,550,550,3
2202,550,550,46
2203,550,550,67
2204,551,551,14
2205,551,551,3
2206,551,551,64
2207,551,551,34
2208,552,552,14
2209,552,552,3
2210,552,552,21
2211,552,552,32
2212,553,553,14
2213,553,553,3
2214,553,553,61
2215,553,553,37
2216,554,554,14
2217,554,554,3
2218,554,554,43
2219,554,554,59
2220,555,555,14
2221,555,555,3
2222,555,555,9
2223,555,555,18
2224,556,556,14
2225,556,556,3
2226,556,556,28
2227,556,556,50
2228,557,557,14
2229,557,557,3
2230,557,557,71
2231,557,557,46
2232,558,558,14
2233,558,558,3
2234,558,558,11
2235,558,558,50
2236,559,559,14
2237,559,559,3
2238,559,559,1
2239,559,559,33
2240,560,560,14
2241,560,560,3
2242,560,560,68
2243,560,560,15
2244,561,561,14
2245,561,561,3
2246,561,561,58
2247,561,561,47
2248,562,562,14
2249,562,562,3
2250,562,562,33
2251,562,562,74
2252,563,563,14
2253,563,563,3
2254,563,563,48
2255,563,563,47
2256,564,564,14
2257,564,564,3
2258,564,564,13
2259,564,564,29
2260,565,565,14
2261,565,565,3
2262,565,565,60
2263,565,565,79
2264,566,566,14
2265,566,566,3
2266,566,566,71
2267,566,566,41
2268,567,567,14
2269,567,567,3
2270,567,567,78
2271,567,567,28
2272,568,568,14
2273,568,568,3
2274,568,568,8
2275,568,568,59
2276,569,569,14
2277,569,569,3
2278,569,569,38
2279,569,569,52
2280,570,570,14
2281,570,570,3
2282,570,570,17
2283,570,570,5
2284,571,571,14
2285,571,571,3
2286,571,571,4
2287,571,571,38
2288,572,572,14
2289,572,572,3
2290,572,572,63
2291,572,572,12
2292,573,573,14
2293,573,573,3
2294,573,573,30
2295,573,573,68
2296,574,574,14
2297,574,574,3
2298,574,574,17
2299,574,574,49
2300,575,575,14
2301,575,575,3
2302,575,575,58
2303,575,575,47
2304,576,576,14
2305,576,576,3
2306,576,576,69
2307,576,576,53
2308,577,577,14
2309,577,577,3
2310,577,577,75
2311,577,577,19
2312,578,578,14
2313,578,578,3
2314,578,578,53
2315,578,578,12
2316,579,579,14
2317,579,579,3
2318,579,579,62
2319,579,579,78
2320,580,580,14
2321,580,580,3
2322,580,580,52
2323,580,580,35
2324,581,581,14
2325,581,581,3
2326,581,581,4
2327,581,581,47
2328,582,582,14
2329,582,582,3
2330,582,582,27
2331,582,582,56
2332,583,583,14
2333,583,583,3
2334,583,583,56
2335,583,583,30
2336,584,584,14
2337,584,584,3
2338,584,584,46
2339,584,584,12
2340,585,585,14
2341,585,585,3
2342,585,585,47
2343,585,585,69
2344,586,586,14
2345,586,586,3
2346,586,586,45
2347,586,586,7
2348,587,587,14
2349,587,587,3
2350,587,587,50
2351,587,587,35
2352,588,588,14
2353,588,588,3
2354,588,588,24
2355,588,588,15
2356,589,589,14
2357,589,589,3
2358,589,589,58
2359,589,589,11
2360,590,590,14
2361,590,590,3
2362,590,590,27
2363,590,590,76
2364,591,591,14
2365,591,591,3
2366,591,591,2
2367,591,591,6
2368,592,592,14
2369,592,592,3
2370,592,592,42
2371,592,592,31
2372,593,593,14
2373,593,593,3
2374,593,593,16
2375,593,593,72
2376,594,594,14
2377,594,594,3
2378,594,594,26
2379,594,594,8
2380,595,595,14
2381,595,595,3
2382,595,595,70
2383,595,595,26
2384,596,596,14
2385,596,596,3
2386,596,596,75
2387,596,596,27
2388,597,597,14
2389,597,597,3
2390,597,597,29
2391,597,597,42
2392,598,598,14
2393,598,598,3
2394,598,598,18
2395,598,598,76
2396,599,599,14
2397,599,599,3
2398,599,599,0
2399,599,599,35
2400,600,600,14
2401,600,600,3
2402,600,600,18
2403,600,600,69
2404,601,601,14
2405,601,601,3
2406,601,601,32
2407,601,601,22
2408,602,602,14
2409,602,602,3
2410,602,602,16
2411,602,602,1
2412,603,603,14
2413,603,603,3
2414,603,603,45
2415,603,603,30
2416,604,604,14
2417,604,604,3
2418,604,604,75
2419,604,604,41
2420,605,605,14
2421,605,605,3
2422,605,605,2
2423,605,605,22
2424,606,606,14
2425,606,606,3
2426,606,606,33
2427,606,606,6
2428,607,607,14
2429,607,607,3
2430,607,607,16
2431,607,607,53
2432,608,608,14
2433,608,608,3
2434,608,608,67
2435,608,608,8
2436,609,609,14
2437,609,609,3
2438,609,609,60
2439,609,609,57
2440,610,610,14
2441,610,610,3
2442,610,610,46
2443,610,610,65
2444,611,611,14
2445,611,611,3
2446,611,611,75
2447,611,611,13
2448,612,612,14
2449,612,612,3
2450,612,612,57
2451,612,612,64
2452,613,613,14
2453,613,613,3
2454,613,613,28
2455,613,613,78
2456,614,614,14
2457,614,614,3
2458,614,614,5
2459,614,614,66
2460,615,615,14
2461,615,615,3
2462,615,615,38
2463,615,615,58
2464,616,616,14
2465,616,616,3
2466,616,616,7
2467,616,616,61
2468,617,617,14
2469,617,617,3
2470,617,617,51
2471,617,617,54
2472,618,618,14
2473,618,618,3
2474,618,618,13
2475,618,618,62
2476,619,619,14
2477,619,619,3
2478,619,619,56
2479,619,619,9
2480,620,620,14
2481,620,620,3
2482,620,620,10
2483,620,620,41
2484,621,621,14
2485,621,621,3
2486,621,621,77
2487,621,621,18
2488,622,622,14
2489,622,622,3
2490,622,622,8
2491,622,622,16
2492,623,623,14
2493,623,623,3
2494,623,623,35
2495,623,623,79
2496,624,624,14
2497,624,624,3
2498,624,624,74
2499,624,624,70
2500,625,625,14
2501,625,625,3
2502,625,625,41
2503,625,625,48
2504,626,626,14
2505,626,626,3
2506,626,626,76
2507,626,626,67
2508,627,627,14
2509,627,627,3
2510,627,627,37
2511,627,627,58
2512,628,628,14
2513,628,628,3
2514,628,628,64
2515,628,628,77
2516,629,629,14
2517,629,629,3
2518,629,629,55
2519,629,629,12
2520,630,630,14
2521,630,630,3
2522,630,630,70
2523,630,630,27
2524,631,631,14
2525,631,631,3
2526,631,631,55
2527,631,631,57
2528,632,632,14
2529,632,632,3
2530,632,632,29
2531,632,632,52
2532,633,633,14
2533,633,633,3
2534,633,633,43
2535,633,633,58
2536,634,634,14
2537,634,634,3
2538,634,634,51
2539,634,634,53
2540,635,635,14
2541,635,635,3
2542,635,635,12
2543,635,635,40
2544,636,636,14
2545,636,636,3
2546,636,636,54
2547,636,636,40
2548,637,637,14
2549,637,637,3
2550,637,637,32
2551,637,637,47
2552,638,638,14
2553,638,638,3
2554,638,638,19
2555,638,638,60
2556,639,639,14
2557,639,639,3
2558,639,639,8
2559,639,639,55
2560,640,640,14
2561,640,640,3
2562,640,640,12
2563,640,640,47
2564,641,641,14
2565,641,641,3
2566,641,641,16
2567,641,641,71
2568,642,642,14
2569,642,642,3
2570,642,642,7
2571,642,642,75
2572,643,643,14
2573,643,643,3
2574,643,643,71
2575,643,643,42
2576,644,644,14
2577,644,644,3
2578,644,644,15
2579,644,644,52
2580,645,645,14
2581,645,645,3
2582,645,645,45
2583,645,645,54
2584,646,646,14
2585,646,646,3
2586,646,646,6
2587,646,646,36
2588,647,647,14
2589,647,647,3
2590,647,647,76
2591,647,647,39
2592,648,648,14
2593,648,648,3
2594,648,648,45
2595,648,648,13
2596,649,649,14
2597,649,649,3
2598,649,649,73
2599,649,649,64
2600,650,650,14
2601,650,650,3
2602,650,650,27
2603,650,650,19
2604,651,651,14
2605,651,651,3
2606,651,651,61
2607,651,651,28
2608,652,652,14
2609,652,652,3
2610,652,652,13
2611,652,652,44
2612,653,653,14
2613,653,653,3
2614,653,653,71
2615,653,653,47
2616,654,654,14
2617,654,654,3
2618,654,654,35
2619,654,654,73
2620,655,655,14
2621,655,655,3
2622,655,655,28
2623,655,655,54
2624,656,656,14
2625,656,656,3
2626,656,656,71
2627,656,656,79
2628,657,657,14
2629,657,657,3
2630,657,657,78
2631,657,657,71
2632,658,658,14
2633,658,658,3
2634,658,658,77
2635,658,658,34
2636,659,659,14
2637,659,659,3
2638,659,659,23
2639,659,659,34
2640,660,660,14
2641,660,660,3
2642,660,660,39
2643,660,660,43
2644,661,661,14
2645,661,661,3
2646,661,661,44
2647,661,661,0
2648,662,662,14
2649,662,662,3
2650,662,662,23
2651,662,662,18
2652,663,663,14
2653,663,663,3
2654,663,663,72
2655,663,663,51
2656,664,664,14
2657,664,664,3
2658,664,664,8
2659,664,664,18
2660,665,665,14
2661,665,665,3
2662,665,665,11
2663,665,665,67
2664,666,666,14
2665,666,666,3
2666,666,666,27
2667,666,666,48
2668,667,667,14
2669,667,667,3
2670,667,667,53
2671,667,667,58
2672,668,668,14
2673,668,668,3
2674,668,668,43
2675,668,668,20
2676,669,669,14
2677,669,669,3
2678,669,669,47
2679,669,669,39
2680,670,670,14
2681,670,670,3
2682,670,670,41
2683,670,670,72
2684,671,671,14
2685,671,671,3
2686,671,671,76
2687,671,671,10
2688,672,672,14
2689,672,672,3
2690,672,672,6
2691,672,672,19
2692,673,673,14
2693,673,673,3
2694,673,673,20
2695,673,673,79
2696,674,674,14
2697,674,674,3
2698,674,674,6
2699,674,674,10
2700,675,675,14
2701,675,675,3
2702,675,675,34
2703,675,675,56
2704,676,676,14
2705,676,676,3
2706,676,676,54
2707,676,676,62
2708,677,677,14
2709,677,677,3
2710,677,677,77
2711,677,677,56
2712,678,678,14
2713,678,678,3
2714,678,678,53
2715,678,678,34
2716,679,679,14
2717,679,679,3
2718,679,679,27
2719,679,679,65
2720,680,680,14
2721,680,680,3
2722,680,680,44
2723,680,680,55
2724,681,681,14
2725,681,681,3
2726,681,681,36
2727,681,681,75
2728,682,682,14
2729,682,682,3
2730,682,682,62
2731,682,682,67
2732,683,683,14
2733,683,683,3
2734,683,683,39
2735,683,683,5
2736,684,684,14
2737,684,684,3
2738,684,684,28
2739,684,684,50
2740,685,685,14
2741,685,685,3
2742,685,685,76
2743,685,685,7
2744,686,686,14
2745,686,686,3
2746,686,686,0
2747,686,686,26
2748,687,687,14
2749,687,687,3
2750,687,687,38
2751,687,687,27
2752,688,688,14
2753,688,688,3
2754,688,688,17
2755,688,688,32
2756,689,689,14
2757,689,689,3
2758,689,689,37
2759,689,689,41
2760,690,690,14
2761,690,690,3
2762,690,690,15
2763,690,690,0
2764,691,691,14
2765,691,691,3
2766,691,691,63
2767,691,691,55
2768,692,692,14
2769,692,692,3
2770,692,692,22
2771,692,692,16
2772,693,693,14
2773,693,693,3
2774,693,693,48
2775,693,693,68
2776,694,694,14
2777,694,694,3
2778,694,694,29
2779,694,694,64
2780,695,695,14
2781,695,695,3
2782,695,695,71
2783,695,695,45
2784,696,696,14
2785,696,696,3
2786,696,696,9
2787,696,696,50
2788,697,697,14
2789,697,697,3
2790,697,697,5
2791,697,697,55
2792,698,698,14
2793,698,698,3
2794,698,698,2
2795,698,698,58
2796,699,699,14
2797,699,699,3
2798,699,699,9
2799,699,699,40
2800,700,700,14
2801,700,700,3
2802,700,700,73
2803,700,700,54
2804,701,701,14
2805,701,701,3
2806,701,701,73
2807,701,701,51
2808,702,702,14
2809,702,702,3
2810,702,702,53
2811,702,702,37
2812,703,703,14
2813,703,703,3
2814,703,703,51
2815,703,703,2
2816,704,704,14
2817,704,704,3
2818,704,704,41
2819,704,704,21
2820,705,705,14
2821,705,705,3
2822,705,705,79
2823,705,705,58
2824,706,706,14
2825,706,706,3
2826,706,706,46
2827,706,706,11
2828,707,707,14
2829,707,707,3
2830,707,707,55
2831,707,707,13
2832,708,708,14
2833,708,708,3
2834,708,708,31
2835,708,708,55
2836,709,709,14
2837,709,709,3
2838,709,709,75
2839,709,709,51
2840,710,710,14
2841,710,710,3
2842,710,710,67
2843,710,710,10
2844,711,711,14
2845,711,711,3
2846,711,711,50
2847,711,711,39
2848,712,712,14
2849,712,712,3
2850,712,712,43
2851,712,712,28
2852,713,713,14
2853,713,713,3
2854,713,713,42
2855,713,713,21
2856,714,714,14
2857,714,714,3
2858,714,714,9
2859,714,714,65
2860,715,715,14
2861,715,715,3
2862,715,715,67
2863,715,715,24
2864,716,716,14
2865,716,716,3
2866,716,716,44
2867,716,716,18
2868,717,717,14
2869,717,717,3
2870,717,717,30
2871,717,717,13
2872,718,718,14
2873,718,718,3
2874,718,718,18
2875,718,718,32
2876,719,719,14
2877,719,719,3
2878,719,719,25
2879,719,719,22
2880,720,720,14
2881,720,720,3
2882,720,720,77
2883,720,720,19
2884,721,721,14
2885,721,721,3
2886,721,721,9
2887,721,721,22
2888,722,722,14
2889,722,722,3
2890,722,722,63
2891,722,722,59
2892,723,723,14
2893,723,723,3
2894,723,723,72
2895,723,723,57
2896,724,724,14
2897,724,724,3
2898,724,724,72
2899,724,724,79
2900,725,725,14
2901,725,725,3
2902,725,725,41
2903,725,725,19
2904,726,726,14
2905,726,726,3
2906,726,726,56
2907,726,726,8
2908,727,727,14
2909,727,727,3
2910,727,727,60
2911,727,727,56
2912,728,728,14
2913,728,728,3
2914,728,728,38
2915,728,728,35
2916,729,729,14
2917,729,729,3
2918,729,729,75
2919,729,729,7
2920,730,730,14
2921,730,730,3
2922,730,730,45
2923,730,730,64
2924,731,731,14
2925,731,731,3
2926,731,731,9
2927,731,731,39
2928,732,732,14
2929,732,732,3
2930,732,732,59
2931,732,732,4
2932,733,733,14
2933,733,733,3
2934,733,733,7
2935,733,733,47
2936,734,734,14
2937,734,734,3
2938,734,734,36
2939,734,734,9
2940,735,735,14
2941,735,735,3
2942,735,735,11
2943,735,735,78
2944,736,736,14
2945,736,736,3
2946,736,736,76
2947,736,736,64
2948,737,737,14
2949,737,737,3
2950,737,737,49
2951,737,737,59
2952,738,738,14
2953,738,738,3
2954,738,738,74
2955,738,738,70
2956,739,739,14
2957,739,739,3
2958,739,739,5
2959,739,739,57
2960,740,740,14
2961,740,740,3
2962,740,740,73
2963,740,740,24
2964,741,741,14
2965,741,741,3
2966,741,741,41
2967,741,741,77
2968,742,742,14
2969,742,742,3
2970,742,742,60
2971,742,742,64
2972,743,743,14
2973,743,743,3
2974,743,743,19
2975,743,743,7
2976,744,744,14
2977,744,744,3
2978,744,744,57
2979,744,744,13
2980,745,745,14
2981,745,745,3
2982,745,745,43
2983,745,745,10
2984,746,746,14
2985,746,746,3
2986,746,746,64
2987,746,746,22
2988,747,747,14
2989,747,747,3
2990,747,747,5
2991,747,747,31
2992,748,748,14
2993,748,748,3
2994,748,748,56
2995,748,748,67
2996,749,749,14
2997,749,749,3
2998,749,749,66
2999,749,749,78
3000,750,750,14
3001,750,750,3
3002,750,750,20
3003,750,750,46
3004,751,751,14
3005,751,751,3
3006,751,751,47
3007,751,751,36
3008,752,752,14
3009,752,752,3
3010,752,752,49
3011,752,752,52
3012,753,753,14
3013,753,753,3
3014,753,753,43
3015,753,753,76
3016,754,754,14
3017,754,754,3
3018,754,754,6
3019,754,754,42
3020,755,755,14
3021,755,755,3
3022,755,755,8
3023,755,755,42
3024,756,756,14
3025,756,756,3
3026,756,756,12
3027,756,756,71
3028,757,757,14
3029,757,757,3
3030,757,757,49
3031,757,757,36
3032,758,758,14
3033,758,758,3
3034,758,758,32
3035,758,758,77
3036,759,759,14
3037,759,759,3
3038,759,759,19
3039,759,759,42
3040,760,760,14
3041,760,760,3
3042,760,760,10
3043,760,760,74
3044,761,761,14
3045,761,761,3
3046,761,761,18
3047,761,761,44
3048,762,762,14
3049,762,762,3
3050,762,762,39
3051,762,762,50
3052,763,763,14
3053,763,763,3
3054,763,763,16
3055,763,763,76
3056,764,764,14
3057,764,764,3
3058,764,764,10
3059,764,764,39
3060,765,765,14
3061,765,765,3
3062,765,765,71
3063,765,765,48
3064,766,766,14
3065,766,766,3
3066,766,766,42
3067,766,766,16
3068,767,767,14
3069,767,767,3
3070,767,767,67
3071,767,767,11
3072,768,768,14
3073,768,768,3
3074,768,768,54
3075,768,768,65
3076,769,769,14
3077,769,769,3
3078,769,769,46
3079,769,769,2
3080,770,770,14
3081,770,770,3
3082,770,770,46
3083,770,770,39
3084,771,771,14
3085,771,771,3
3086,771,771,23
3087,771,771,27
3088,772,772,14
3089,772,772,3
3090,772,772,43
3091,772,772,62
3092,773,773,14
3093,773,773,3
3094,773,773,24
3095,773,773,28
3096,774,774,14
3097,774,774,3
3098,774,774,17
3099,774,774,9
3100,775,775,14
3101,775,775,3
3102,775,775,37
3103,775,775,12
3104,776,776,14
3105,776,776,3
3106,776,776,64
3107,776,776,69
3108,777,777,14
3109,777,777,3
3110,777,777,67
3111,777,777,4
3112,778,778,14
3113,778,778,3
3114,778,778,43
3115,778,778,79
3116,779,779,14
3117,779,779,3
3118,779,779,16
3119,779,779,76
3120,780,780,14
3121,780,780,3
3122,780,780,48
3123,780,780,19
3124,781,781,14
3125,781,781,3
3126,781,781,20
3127,781,781,79
3128,782,782,14
3129,782,782,3
3130,782,782,21
3131,782,782,56
3132,783,783,14
3133,783,783,3
3134,783,783,5
3135,783,783,52
3136,784,784,14
3137,784,784,3
3138,784,784,46
3139,784,784,30
3140,785,785,14
3141,785,785,3
3142,785,785,56
3143,785,785,78
3144,786,786,14
3145,786,786,3
3146,786,786,36
3147,786,786,57
3148,787,787,14
3149,787,787,3
3150,787,787,29
3151,787,787,68
3152,788,788,14
3153,788,788,3
3154,788,788,30
3155,788,788,39
3156,789,789,14
3157,789,789,3
3158,789,789,60
3159,789,789,24
3160,790,790,14
3161,790,790,3
3162,790,790,47
3163,790,790,73
3164,791,791,14
3165,791,791,3
3166,791,791,56
3167,791,791,36
3168,792,792,14
3169,792,792,3
3170,792,792,48
3171,792,792,64
3172,793,793,14
3173,793,793,3
3174,793,793,67
3175,793,793,53
3176,794,794,14
3177,794,794,3
3178,794,794,20
3179,794,794,25
3180,795,795,14
3181,795,795,3
3182,795,795,77
3183,795,795,17
3184,796,796,14
3185,796,796,3
3186,796,796,32
3187,796,796,6
3188,797,797,14
3189,797,797,3
3190,797,797,61
3191,797,797,47
3192,798,798,14
3193,798,798,3
3194,798,798,70
3195,798,798,13
3196,799,799,14
3197,799,799,3
3198,799,799,66
3199,799,799,15
3200,800,800,14
3201,800,800,3
3202,800,800,36
3203,800,800,10
3204,801,801,14
3205,801,801,3
3206,801,801,20
3207,801,801,34
3208,802,802,14
3209,802,802,3
3210,802,802,57
3211,802,802,65
3212,803,803,14
3213,803,803,3
3214,803,803,18
3215,803,803,55
3216,804,804,14
3217,804,804,3
3218,804,804,11
3219,804,804,28
3220,805,805,14
3221,805,805,3
3222,805,805,57
3223,805,805,44
3224,806,806,14
3225,806,806,3
3226,806,806,53
3227,806,806,6
3228,807,807,14
3229,807,807,3
3230,807,807,50
3231,807,807,64
3232,808,808,14
3233,808,808,3
3234,808,808,47
3235,808,808,30
3236,809,809,14
3237,809,809,3
3238,809,809,49
3239,809,809,10
3240,810,810,14
3241,810,810,3
3242,810,810,47
3243,810,810,28
3244,811,811,14
3245,811,811,3
3246,811,811,40
3247,811,811,12
3248,812,812,14
3249,812,812,3
3250,812,812,42
3251,812,812,18
3252,813,813,14
3253,813,813,3
3254,813,813,17
3255,813,813,4
3256,814,814,14
3257,814,814,3
3258,814,814,36
3259,814,814,60
3260,815,815,14
3261,815,815,3
3262,815,815,17
3263,815,815,60
3264,816,816,14
3265,816,816,3
3266,816,816,57
3267,816,816,78
3268,817,817,14
3269,817,817,3
3270,817,817,0
3271,817,817,10
3272,818,818,14
3273,818,818,3
3274,818,818,2
3275,818,818,32
3276,819,819,14
3277,819,819,3
3278,819,819,27
3279,819,819,19
3280,820,820,14
3281,820,820,3
3282,820,820,70
3283,820,820,77
3284,821,821,14
3285,821,821,3
3286,821,821,67
3287,821,821,54
3288,822,822,14
3289,822,822,3
3290,822,822,36
3291,822,822,30
3292,823,823,14
3293,823,823,3
3294,823,823,38
3295,823,823,15
3296,824,824,14
3297,824,824,3
3298,824,824,6
3299,824,824,30
3300,825,825,14
3301,825,825,3
3302,825,825,53
3303,825,825,79
3304,826,826,14
3305,826,826,3
3306,826,826,58
3307,826,826,8
3308,827,827,14
3309,827,827,3
3310,827,827,63
3311,827,827,76
3312,828,828,14
3313,828,828,3
3314,828,828,68
3315,828,828,2
3316,829,829,14
3317,829,829,3
3318,829,829,65
3319,829,829,73
3320,830,830,14
3321,830,830,3
3322,830,830,30
3323,830,830,18
3324,831,831,14
3325,831,831,3
3326,831,831,37
3327,831,831,54
3328,832,832,14
3329,832,832,3
3330,832,832,0
3331,832,832,78
3332,833,833,14
3333,833,833,3
3334,833,833,45
3335,833,833,30
3336,834,834,14
3337,834,834,3
3338,834,834,73
3339,834,834,53
3340,835,835,14
3341,835,835,3
3342,835,835,23
3343,835,835,10
3344,836,836,14
3345,836,836,3
3346,836,836,67
3347,836,836,46
3348,837,837,14
3349,837,837,3
3350,837,837,8
3351,837,837,67
3352,838,838,14
3353,838,838,3
3354,838,838,69
3355,838,838,64
3356,839,839,14
3357,839,839,3
3358,839,839,64
3359,839,839,70
3360,840,840,14
3361,840,840,3
3362,840,840,2
3363,840,840,49
3364,841,841,14
3365,841,841,3
3366,841,841,60
3367,841,841,5
3368,842,842,14
3369,842,842,3
3370,842,842,49
3371,842,842,47
3372,843,843,14
3373,843,843,3
3374,843,843,32
3375,843,843,2
3376,844,844,14
3377,844,844,3
3378,844,844,45
3379,844,844,8
3380,845,845,14
3381,845,845,3
3382,845,845,44
3383,845,845,30
3384,846,846,14
3385,846,846,3
3386,846,846,13
3387,846,846,74
3388,847,847,14
3389,847,847,3
3390,847,847,42
3391,847,847,17
3392,848,848,14
3393,848,848,3
3394,848,848,5
3395,848,848,45
3396,849,849,14
3397,849,849,3
3398,849,849,69
3399,849,849,43
3400,850,850,14
3401,850,850,3
3402,850,850,22
3403,850,850,59
3404,851,851,14
3405,851,851,3
3406,851,851,61
3407,851,851,23
3408,852,852,14
3409,852,852,3
3410,852,852,17
3411,852,852,8
3412,853,853,14
3413,853,853,3
3414,853,853,58
3415,853,853,4
3416,854,854,14
3417,854,854,3
3418,854,854,37
3419,854,854,25
3420,855,855,14
3421,855,855,3
3422,855,855,5
3423,855,855,25
3424,856,856,14
3425,856,856,3
3426,856,856,5
3427,856,856,40
3428,857,857,14
3429,857,857,3
3430,857,857,39
3431,857,857,65
3432,858,858,14
3433,858,858,3
3434,858,858,50
3435,858,858,69
3436,859,859,14
3437,859,859,3
3438,859,859,60
3439,859,859,32
3440,860,860,14
3441,860,860,3
3442,860,860,4
3443,860,860,24
3444,861,861,14
3445,861,861,3
3446,861,861,36
3447,861,861,45
3448,862,862,14
3449,862,862,3
3450,862,862,6
3451,862,862,42
3452,863,863,14
3453,863,863,3
3454,863,863,34
3455,863,863,15
3456,864,864,14
3457,864,864,3
3458,864,864,47
3459,864,864,55
3460,865,865,14
3461,865,865,3
3462,865,865,51
3463,865,865,56
3464,866,866,14
3465,866,866,3
3466,866,866,49
3467,866,866,43
3468,867,867,14
3469,867,867,3
3470,867,867,23
3471,867,867,63
3472,868,868,14
3473,868,868,3
3474,868,868,63
3475,868,868,47
3476,869,869,14
3477,869,869,3
3478,869,869,66
3479,869,869,34
3480,870,870,14
3481,870,870,3
3482,870,870,10
3483,870,870,54
3484,871,871,14
3485,871,871,3
3486,871,871,10
3487,871,871,55
3488,872,872,14
3489,872,872,3
3490,872,872,77
3491,872,872,23
3492,873,873,14
3493,873,873,3
3494,873,873,69
3495,873,873,37
3496,874,874,14
3497,874,874,3
3498,874,874,41
3499,874,874,13
3500,875,875,14
3501,875,875,3
3502,875,875,10
3503,875,875,41
3504,876,876,14
3505,876,876,3
3506,876,876,37
3507,876,876,57
3508,877,877,14
3509,877,877,3
3510,877,877,77
3511,877,877,54
3512,878,878,14
3513,878,878,3
3514,878,878,21
3515,878,878,56
3516,879,879,14
3517,879,879,3
3518,879,879,44
3519,879,879,57
3520,880,880,14
3521,880,880,3
3522,880,880,5
3523,880,880,45
3524,881,881,14
3525,881,881,3
3526,881,881,78
3527,881,881,55
3528,882,882,14
3529,882,882,3
3530,882,882,35
3531,882,882,7
3532,883,883,14
3533,883,883,3
3534,883,883,9
3535,883,883,51
3536,884,884,14
3537,884,884,3
3538,884,884,46
3539,884,884,65
3540,885,885,14
3541,885,885,3
3542,885,885,20
3543,885,885,18
3544,886,886,14
3545,886,886,3
3546,886,886,77
3547,886,886,56
3548,887,887,14
3549,887,887,3
3550,887,887,4
3551,887,887,16
3552,888,888,14
3553,888,888,3
3554,888,888,8
3555,888,888,30
3556,889,889,14
3557,889,889,3
3558,889,889,46
3559,889,889,49
3560,890,890,14
3561,890,890,3
3562,890,890,72
3563,890,890,4
3564,891,891,14
3565,891,891,3
3566,891,891,77
3567,891,891,19
3568,892,892,14
3569,892,892,3
3570,892,892,57
3571,892,892,47
3572,893,893,14
3573,893,893,3
3574,893,893,47
3575,893,893,56
3576,894,894,14
3577,894,894,3
3578,894,894,9
3579,894,894,73
3580,895,895,14
3581,895,895,3
3582,895,895,17
3583,895,895,67
3584,896,896,14
3585,896,896,3
3586,896,896,46
3587,896,896,50
3588,897,897,14
3589,897,897,3
3590,897,897,40
3591,897,897,35
3592,898,898,14
3593,898,898,3
3594,898,898,31
3595,898,898,23
3596,899,899,14
3597,899,899,3
3598,899,899,63
3599,899,899,66
3600,900,900,14
3601,900,900,3
3602,900,900,49
3603,900,900,71
3604,901,901,14
3605,901,901,3
3606,901,901,15
3607,901,901,33
3608,902,902,14
3609,902,902,3
3610,902,902,33
3611,902,902,57
3612,903,903,14
3613,903,903,3
3614,903,903,27
3615,903,903,78
3616,904,904,14
3617,904,904,3
3618,904,904,36
3619,904,904,62
3620,905,905,14
3621,905,905,3
3622,905,905,25
3623,905,905,15
3624,906,906,14
3625,906,906,3
3626,906,906,17
3627,906,906,9
3628,907,907,14
3629,907,907,3
3630,907,907,57
3631,907,907,22
3632,908,908,14
3633,908,908,3
3634,908,908,56
3635,908,908,11
3636,909,909,14
3637,909,909,3
3638,909,909,40
3639,909,909,44
3640,910,910,14
3641,910,910,3
3642,910,910,8
3643,910,910,70
3644,911,911,14
3645,911,911,3
3646,911,911,69
3647,911,911,37
3648,912,912,14
3649,912,912,3
3650,912,912,38
3651,912,912,20
3652,913,913,14
3653,913,913,3
3654,913,913,22
3655,913,913,46
3656,914,914,14
3657,914,914,3
3658,914,914,65
3659,914,914,28
3660,915,915,14
3661,915,915,3
3662,915,915,15
3663,915,915,25
3664,916,916,14
3665,916,916,3
3666,916,916,17
3667,916,916,30
3668,917,917,14
3669,917,917,3
3670,917,917,63
3671,917,917,46
3672,918,918,14
3673,918,918,3
3674,918,918,70
3675,918,918,73
3676,919,919,14
3677,919,919,3
3678,919,919,47
3679,919,919,59
3680,920,920,14
3681,920,920,3
3682,920,920,70
3683,920,920,16
3684,921,921,14
3685,921,921,3
3686,921,921,78
3687,921,921,11
3688,922,922,14
3689,922,922,3
3690,922,922,8
3691,922,922,39
3692,923,923,14
3693,923,923,3
3694,923,923,50
3695,923,923,61
3696,924,924,14
3697,924,924,3
3698,924,924,67
3699,924,924,52
3700,925,925,14
3701,925,925,3
3702,925,925,52
3703,925,925,73
3704,926,926,14
3705,926,926,3
3706,926,926,9
3707,926,926,16
3708,927,927,14
3709,927,927,3
3710,927,927,40
3711,927,927,9
3712,928,928,14
3713,928,928,3
3714,928,928,57
3715,928,928,66
3716,929,929,14
3717,929,929,3
3718,929,929,44
3719,929,929,16
3720,930,930,14
3721,930,930,3
3722,930,930,70
3723,930,930,75
3724,931,931,14
3725,931,931,3
3726,931,931,23
3727,931,931,16
3728,932,932,14
3729,932,932,3
3730,932,932,55
3731,932,932,64
3732,933,933,14
3733,933,933,3
3734,933,933,7
3735,933,933,15
3736,934,934,14
3737,934,934,3
3738,934,934,66
3739,934,934,19
3740,935,935,14
3741,935,935,3
3742,935,935,38
3743,935,935,21
3744,936,936,14
3745,936,936,3
3746,936,936,20
3747,936,936,41
3748,937,937,14
3749,937,937,3
3750,937,937,28
3751,937,937,44
3752,938,938,14
3753,938,938,3
3754,938,938,66
3755,938,938,36
3756,939,939,14
3757,939,939,3
3758,939,939,10
3759,939,939,32
3760,940,940,14
3761,940,940,3
3762,940,940,25
3763,940,940,70
3764,941,941,14
3765,941,941,3
3766,941,941,35
3767,941,941,16
3768,942,942,14
3769,942,942,3
3770,942,942,38
3771,942,942,78
3772,943,943,14
3773,943,943,3
3774,943,943,68
3775,943,943,11
3776,944,944,14
3777,944,944,3
3778,944,944,64
3779,944,944,21
3780,945,945,14
3781,945,945,3
3782,945,945,75
3783,945,945,19
3784,946,946,14
3785,946,946,3
3786,946,946,21
3787,946,946,79
3788,947,947,14
3789,947,947,3
3790,947,947,77
3791,947,947,43
3792,948,948,14
3793,948,948,3
3794,948,948,72
3795,948,948,5
3796,949,949,14
3797,949,949,3
3798,949,949,10
3799,949,949,5
3800,950,950,14
3801,950,950,3
3802,950,950,73
3803,950,950,33
3804,951,951,14
3805,951,951,3
3806,951,951,26
3807,951,951,73
3808,952,952,14
3809,952,952,3
3810,952,952,53
3811,952,952,79
3812,953,953,14
3813,953,953,3
3814,953,953,63
3815,953,953,69
3816,954,954,14
3817,954,954,3
3818,954,954,37
3819,954,954,61
3820,955,955,14
3821,955,955,3
3822,955,955,31
3823,955,955,51
3824,956,956,14
3825,956,956,3
3826,956,956,38
3827,956,956,58
3828,957,957,14
3829,957,957,3
3830,957,957,9
3831,957,957,7
3832,958,958,14
3833,958,958,3
3834,958,958,20
3835,958,958,56
3836,959,959,14
3837,959,959,3
3838,959,959,53
3839,959,959,61
3840,960,960,14
3841,960,960,3
3842,960,960,59
3843,960,960,26
3844,961,961,14
3845,961,961,3
3846,961,961,43
3847,961,961,77
3848,962,962,14
3849,962,962,3
3850,962,962,18
3851,962,962,40
3852,963,963,14
3853,963,963,3
3854,963,963,40
3855,963,963,44
3856,964,964,14
3857,964,964,3
3858,964,964,51
3859,964,964,16
3860,965,965,14
3861,965,965,3
3862,965,965,47
3863,965,965,65
3864,966,966,14
3865,966,966,3
3866,966,966,71
3867,966,966,13
3868,967,967,14
3869,967,967,3
3870,967,967,40
3871,967,967,30
3872,968,968,14
3873,968,968,3
3874,968,968,59
3875,968,968,15
3876,969,969,14
3877,969,969,3
3878,969,969,34
3879,969,969,57
3880,970,970,14
3881,970,970,3
3882,970,970,31
3883,970,970,18
3884,971,971,14
3885,971,971,3
3886,971,971,12
3887,971,971,6
3888,972,972,14
3889,972,972,3
3890,972,972,37
3891,972,972,49
3892,973,973,14
3893,973,973,3
3894,973,973,78
3895,973,973,53
3896,974,974,14
3897,974,974,3
3898,974,974,31
3899,974,974,20
3900,975,975,14
3901,975,975,3
3902,975,975,41
3903,975,975,73
3904,976,976,14
3905,976,976,3
3906,976,976,40
3907,976,976,24
3908,977,977,14
3909,977,977,3
3910,977,977,20
3911,977,977,63
3912,978,978,14
3913,978,978,3
3914,978,978,65
3915,978,978,59
3916,979,979,14
3917,979,979,3
3918,979,979,63
3919,979,979,39
3920,980,980,14
3921,980,980,3
3922,980,980,63
3923,980,980,2
3924,981,981,14
3925,981,981,3
3926,981,981,11
3927,981,981,50
3928,982,982,14
3929,982,982,3
3930,982,982,64
3931,982,982,58
3932,983,983,14
3933,983,983,3
3934,983,983,30
3935,983,983,27
3936,984,984,14
3937,984,984,3
3938,984,984,74
3939,984,984,45
3940,985,985,14
3941,985,985,3
3942,985,985,6
3943,985,985,36
3944,986,986,14
3945,986,986,3
3946,986,986,63
3947,986,986,76
3948,987,987,14
3949,987,987,3
3950,987,987,60
3951,987,987,36
3952,988,988,14
3953,988,988,3
3954,988,988,68
3955,988,988,1
3956,989,989,14
3957,989,989,3
3958,989,989,13
3959,989,989,55
3960,990,990,14
3961,990,990,3
3962,990,990,17
3963,990,990,33
3964,991,991,14
3965,991,991,3
3966,991,991,46
3967,991,991,51
3968,992,992,14
3969,992,992,3
3970,992,992,46
3971,992,992,5
3972,993,993,14
3973,993,993,3
3974,993,993,51
3975,993,993,6
3976,994,994,14
3977,994,994,3
3978,994,994,72
3979,994,994,71
3980,995,995,14
3981,995,995,3
3982,995,995,24
3983,995,995,46
3984,996,996,14
3985,996,996,3
3986,996,996,70
3987,996,996,36
3988,997,997,14
3989,997,997,3
3990,997,997,9
3991,997,997,49
3992,998,998,14
3993,998,998,3
3994,998,998,64
3995,998,998,57
3996,999,999,14
3997,999,999,3
3998,999,999,70
3999,999,999,35
