CATALOG_ID,SEED,CLASS,SHIP_TYPE,MCR_PERCENT,CRUISING_SPEED_KT,ROTACIONAL_FREQUENCY,LENGTH_M,DRAFT_M,N_BLADES,N_SHAFTS,NB_LOWER,NB_MEDIUM,NB_GREATER,NB_ISOLATED,NB_OSCILLATING,NB_concentrated
0,42,Service,tug,0.76,7.0,260.0,35.0,6.0,4,1,0.26,0.16,0.0,0.16,0.23,0.16
1,43,Cargo,tanker,0.76,7.65,136.0,122.0,6.0,4,1,0.41,0.01,0.0,0.0,0.0,0.0
2,44,Service,fishing,0.58,11.0,166.0,26.0,3.0,4,1,0.04,0.0,0.04,0.04,0.04,0.24
3,45,Service,tug,0.73,9.0,237.0,32.0,5.0,6,1,0.23,0.13,0.0,0.13,0.15,0.13
4,46,Cargo,containership,0.74,12.0,52.0,312.0,7.0,6,1,0.48,0.0,0.0,0.0,0.0,0.0
5,47,Service,dredger,0.79,8.0,165.0,115.0,5.0,4,1,0.02,0.94,0.0,0.0,0.0,0.0
6,48,Service,fishing,0.61,10.0,175.0,28.0,4.0,5,1,0.05,0.0,0.05,0.05,0.05,0.25
7,49,Service,fishing,0.51,6.0,144.0,21.0,2.0,3,1,0.01,0.0,0.01,0.01,0.01,0.21
8,50,Service,tug,0.75,10.0,251.0,33.0,5.0,6,1,0.25,0.15,0.0,0.15,0.2,0.15
9,51,Cargo,vehicle_carrier,0.76,17.0,53.0,177.0,5.61,6,1,0.85,0.0,0.12,0.02,0.02,0.0
10,52,Cargo,containership,0.75,14.0,58.0,154.0,10.0,6,1,0.5,0.0,0.0,0.0,0.0,0.0
11,53,Service,tug,0.76,8.0,259.0,34.0,6.0,4,1,0.26,0.16,0.0,0.16,0.22,0.16
12,54,Cargo,containership,0.75,13.0,54.0,315.0,8.0,6,1,0.48,0.0,0.0,0.0,0.0,0.0
13,55,Cargo,containership,0.7,12.0,52.0,131.0,7.0,6,1,0.32,0.0,0.0,0.0,0.0,0.0
14,56,Service,dredger,0.85,12.0,191.0,178.0,6.0,4,1,0.05,0.96,0.0,0.0,0.0,0.0
15,57,Service,fishing,0.51,5.0,142.0,20.0,2.0,3,1,0.0,0.0,0.0,0.0,0.0,0.2
16,58,Cargo,tanker,0.84,9.82,141.0,132.0,10.0,4,1,0.52,0.12,0.0,0.0,0.0,0.06
17,59,Service,dredger,0.77,7.0,148.0,98.0,4.0,4,1,0.01,0.99,0.0,0.0,0.0,0.0
18,60,Service,dredger,0.78,8.0,159.0,109.0,5.0,4,1,0.02,0.96,0.0,0.0,0.0,0.0
19,61,Cargo,containership,0.72,15.0,104.0,183.0,13.0,6,1,0.4,0.0,0.0,0.0,0.0,0.0
20,62,Service,recreational,0.74,16.0,118.0,34.0,2.0,4,1,0.29,0.0,0.19,0.19,0.0,0.29
21,63,Service,fishing,0.59,12.0,168.0,27.0,3.0,4,1,0.04,0.0,0.04,0.04,0.04,0.24
22,64,Cargo,vehicle_carrier,0.77,19.0,57.0,185.0,6.19,6,1,0.9,0.0,0.15,0.05,0.05,0.0
23,65,Service,dredger,0.79,9.0,173.0,123.0,5.0,4,1,0.02,0.24,0.0,0.0,0.0,0.0
24,66,Cargo,tanker,0.76,7.78,137.0,124.0,6.0,4,1,0.41,0.01,0.0,0.0,0.0,0.01
25,67,Service,recreational,0.61,15.0,102.0,30.0,2.0,4,1,0.21,0.0,0.11,0.01,0.0,0.11
26,68,Service,recreational,0.71,18.0,114.0,35.0,2.0,4,1,0.27,0.0,0.17,0.15,0.0,0.25
27,69,Cargo,vehicle_carrier,0.78,16.0,60.0,171.0,6.71,6,1,0.94,0.0,0.17,0.07,0.07,0.0
28,70,Service,dredger,0.84,6.0,135.0,85.0,4.0,4,1,0.05,0.93,0.0,0.0,0.0,0.0
29,71,Cargo,tanker,0.8,8.8,145.0,140.0,8.0,5,1,0.46,0.06,0.0,0.0,0.0,0.03
30,72,Service,fishing,0.51,6.0,144.0,21.0,2.0,3,1,0.01,0.0,0.01,0.01,0.01,0.21
31,73,Cargo,bulker,0.74,11.0,58.0,210.0,8.9,6,1,0.16,0.03,0.0,0.0,0.13,0.0
32,74,Cargo,tanker,0.88,10.94,138.0,127.0,10.0,4,1,0.57,0.17,0.0,0.0,0.0,0.09
33,75,Cargo,vehicle_carrier,0.77,19.0,57.0,184.0,6.13,6,1,0.89,0.0,0.15,0.05,0.05,0.0
34,76,Service,recreational,0.66,17.0,111.0,32.0,2.0,4,1,0.24,0.0,0.14,0.07,0.0,0.17
35,77,Service,fishing,0.66,9.0,191.0,24.0,3.0,4,1,0.08,0.0,0.08,0.08,0.08,0.28
36,78,Cargo,tanker,0.87,10.76,141.0,132.0,7.0,4,1,0.56,0.16,0.0,0.0,0.0,0.08
37,79,Cargo,bulker,0.73,10.0,54.0,193.0,8.23,4,1,0.13,0.01,0.0,0.0,0.11,0.0
38,80,Cargo,bulker,0.74,11.0,58.0,209.0,8.86,6,1,0.15,0.03,0.0,0.0,0.13,0.0
39,81,Cargo,containership,0.73,16.0,105.0,184.0,13.0,6,1,0.4,0.0,0.0,0.0,0.0,0.0
40,82,Cargo,containership,0.71,13.0,54.0,138.0,8.0,6,1,0.33,0.0,0.0,0.0,0.0,0.0
41,83,Service,tug,0.75,10.0,251.0,33.0,5.0,6,1,0.25,0.15,0.0,0.15,0.2,0.15
42,84,Cargo,vehicle_carrier,0.79,18.0,54.0,179.0,6.83,6,1,0.95,0.0,0.17,0.07,0.07,0.0
43,85,Service,dredger,0.77,7.0,145.0,95.0,4.0,4,1,0.01,0.22,0.0,0.0,0.0,0.0
44,86,Cargo,tanker,0.87,10.67,135.0,121.0,6.0,4,1,0.56,0.16,0.0,0.0,0.0,0.08
45,87,Cargo,tanker,0.77,8.08,139.0,129.0,7.0,4,1,0.43,0.03,0.0,0.0,0.0,0.01
46,88,Service,dredger,0.79,9.0,170.0,120.0,5.0,4,1,0.02,0.24,0.0,0.0,0.0,0.0
47,89,Service,tug,0.71,7.0,225.0,30.0,4.0,4,1,0.21,0.11,0.0,0.11,0.12,0.11
48,90,Service,recreational,0.63,16.0,106.0,31.0,2.0,4,1,0.22,0.0,0.12,0.04,0.0,0.14
49,91,Service,recreational,0.61,15.0,102.0,30.0,2.0,4,1,0.21,0.0,0.11,0.02,0.0,0.12
50,92,Service,tug,0.74,10.0,246.0,33.0,5.0,6,1,0.24,0.14,0.0,0.14,0.18,0.14
51,93,Service,recreational,0.74,18.0,115.0,33.0,2.0,4,1,0.29,0.0,0.19,0.18,0.0,0.28
52,94,Cargo,containership,0.73,16.0,106.0,189.0,8.0,6,1,0.41,0.0,0.0,0.0,0.0,0.0
53,95,Cargo,tanker,0.86,10.54,139.0,128.0,10.0,4,1,0.55,0.15,0.0,0.0,0.0,0.08
54,96,Service,tug,0.74,9.0,243.0,32.0,5.0,6,1,0.24,0.14,0.0,0.14,0.17,0.14
55,97,Cargo,tanker,0.78,8.28,141.0,132.0,7.0,4,1,0.44,0.04,0.0,0.0,0.0,0.02
56,98,Service,dredger,0.79,8.0,165.0,115.0,5.0,4,1,0.02,0.98,0.0,0.0,0.0,0.0
57,99,Cargo,bulker,0.75,11.0,62.0,226.0,9.52,6,1,0.18,0.04,0.0,0.0,0.14,0.0
58,100,Cargo,containership,0.71,13.0,54.0,138.0,8.0,6,1,0.33,0.0,0.0,0.0,0.0,0.0
59,101,Service,fishing,0.62,8.0,177.0,29.0,4.0,5,1,0.06,0.0,0.06,0.06,0.06,0.26
60,102,Cargo,containership,0.71,13.0,54.0,138.0,8.0,6,1,0.33,0.0,0.0,0.0,0.0,0.0
61,103,Service,tug,0.8,10.0,249.0,35.0,6.0,6,1,0.3,0.2,0.0,0.2,0.3,0.2
62,104,Service,fishing,0.69,5.0,141.0,20.0,2.0,3,1,0.1,0.0,0.1,0.1,0.1,0.3
63,105,Cargo,bulker,0.79,12.0,68.0,287.0,11.89,6,1,0.28,0.09,0.0,0.0,0.19,0.0
64,106,Service,tug,0.77,10.0,250.0,35.0,6.0,6,1,0.27,0.17,0.0,0.17,0.24,0.17
65,107,Cargo,vehicle_carrier,0.76,17.0,53.0,177.0,5.62,6,1,0.85,0.0,0.12,0.02,0.02,0.0
66,108,Cargo,tanker,0.77,8.02,139.0,128.0,7.0,4,1,0.43,0.03,0.0,0.0,0.0,0.01
67,109,Cargo,bulker,0.74,11.0,58.0,210.0,8.9,6,1,0.16,0.03,0.0,0.0,0.13,0.0
68,110,Cargo,tanker,0.89,11.24,147.0,278.0,9.0,5,1,0.59,0.19,0.0,0.0,0.0,0.09
69,111,Service,recreational,0.72,16.0,106.0,31.0,2.0,4,1,0.28,0.0,0.18,0.17,0.0,0.27
70,112,Cargo,vehicle_carrier,0.77,19.0,57.0,185.0,6.2,6,1,0.9,0.0,0.15,0.05,0.05,0.0
71,113,Cargo,vehicle_carrier,0.75,16.0,50.0,170.0,5.08,6,1,0.81,0.0,0.1,0.0,0.0,0.0
72,114,Cargo,bulker,0.74,10.0,57.0,205.0,8.7,4,1,0.15,0.02,0.0,0.0,0.12,0.0
73,115,Cargo,vehicle_carrier,0.79,18.0,54.0,179.0,7.24,6,1,0.98,0.0,0.19,0.09,0.09,0.0
74,116,Service,fishing,0.66,9.0,192.0,29.0,4.0,5,1,0.08,0.0,0.08,0.08,0.08,0.28
75,117,Cargo,vehicle_carrier,0.76,17.0,53.0,177.0,5.6,6,1,0.85,0.0,0.12,0.02,0.02,0.0
76,118,Cargo,tanker,0.86,10.34,140.0,131.0,7.0,4,1,0.54,0.14,0.0,0.0,0.0,0.07
77,119,Cargo,tanker,0.89,11.21,144.0,138.0,8.0,5,1,0.59,0.19,0.0,0.0,0.0,0.09
78,120,Service,tug,0.75,8.0,252.0,34.0,6.0,4,1,0.25,0.15,0.0,0.15,0.2,0.15
79,121,Cargo,tanker,0.76,7.85,137.0,125.0,6.0,4,1,0.42,0.02,0.0,0.0,0.0,0.01
80,122,Service,tug,0.75,8.0,252.0,34.0,6.0,4,1,0.25,0.15,0.0,0.15,0.2,0.15
81,123,Cargo,tanker,0.76,7.71,136.0,123.0,6.0,4,1,0.41,0.01,0.0,0.0,0.0,0.01
82,124,Service,fishing,0.69,9.0,157.0,24.0,3.0,4,1,0.1,0.0,0.1,0.1,0.1,0.3
83,125,Service,dredger,0.84,7.0,151.0,101.0,4.0,4,1,0.05,0.92,0.0,0.0,0.0,0.0
84,126,Service,tug,0.76,7.0,256.0,34.0,6.0,4,1,0.26,0.16,0.0,0.16,0.21,0.16
85,127,Cargo,containership,0.7,12.0,51.0,125.0,6.0,6,1,0.31,0.0,0.0,0.0,0.0,0.0
86,128,Service,recreational,0.74,16.0,107.0,31.0,2.0,4,1,0.29,0.0,0.19,0.19,0.0,0.29
87,129,Cargo,bulker,0.77,12.0,68.0,250.0,10.43,6,1,0.22,0.06,0.0,0.0,0.16,0.0
88,130,Cargo,tanker,0.83,9.58,148.0,281.0,10.0,5,1,0.5,0.1,0.0,0.0,0.0,0.05
89,131,Cargo,vehicle_carrier,0.77,18.0,55.0,180.0,5.79,6,1,0.86,0.0,0.13,0.03,0.03,0.0
90,132,Service,dredger,0.79,9.0,172.0,122.0,5.0,4,1,0.02,0.24,0.0,0.0,0.0,0.0
91,133,Cargo,tanker,0.82,9.48,150.0,285.0,9.0,5,1,0.5,0.1,0.0,0.0,0.0,0.05
92,134,Cargo,vehicle_carrier,0.77,19.0,57.0,185.0,6.21,6,1,0.9,0.0,0.15,0.05,0.05,0.0
93,135,Service,recreational,0.7,17.0,111.0,35.0,2.0,4,1,0.27,0.0,0.17,0.13,0.0,0.23
94,136,Service,recreational,0.69,18.0,118.0,34.0,2.0,4,1,0.26,0.0,0.16,0.12,0.0,0.22
95,137,Service,recreational,0.61,15.0,102.0,30.0,2.0,4,1,0.21,0.0,0.11,0.01,0.0,0.11
96,138,Cargo,vehicle_carrier,0.76,17.0,53.0,176.0,5.48,6,1,0.84,0.0,0.12,0.02,0.02,0.0
97,139,Cargo,tanker,0.75,7.51,135.0,120.0,6.0,4,1,0.4,0.0,0.0,0.0,0.0,0.0
98,140,Service,recreational,0.72,15.0,103.0,30.0,2.0,4,1,0.28,0.0,0.18,0.15,0.0,0.25
99,141,Service,fishing,0.6,5.0,173.0,28.0,4.0,5,1,0.05,0.0,0.05,0.05,0.05,0.25
100,142,Service,tug,0.76,10.0,257.0,34.0,6.0,6,1,0.26,0.16,0.0,0.16,0.22,0.16
101,143,Cargo,vehicle_carrier,0.8,17.0,52.0,175.0,7.27,6,1,0.98,0.0,0.19,0.09,0.09,0.0
102,144,Cargo,vehicle_carrier,0.77,19.0,57.0,184.0,6.12,6,1,0.89,0.0,0.14,0.04,0.04,0.0
103,145,Cargo,tanker,0.88,10.98,148.0,281.0,9.0,5,1,0.57,0.17,0.0,0.0,0.0,0.09
104,146,Cargo,vehicle_carrier,0.76,17.0,52.0,174.0,5.33,6,1,0.83,0.0,0.11,0.01,0.01,0.0
105,147,Cargo,vehicle_carrier,0.78,20.0,59.0,174.0,6.51,6,1,0.92,0.0,0.16,0.06,0.06,0.0
106,148,Service,recreational,0.66,18.0,112.0,33.0,2.0,4,1,0.24,0.0,0.14,0.08,0.0,0.18
107,149,Cargo,tanker,0.76,7.78,137.0,124.0,6.0,4,1,0.41,0.01,0.0,0.0,0.0,0.01
108,150,Service,recreational,0.72,17.0,110.0,32.0,2.0,4,1,0.28,0.0,0.18,0.16,0.0,0.26
109,151,Service,tug,0.77,10.0,246.0,35.0,6.0,6,1,0.27,0.17,0.0,0.17,0.24,0.17
110,152,Service,dredger,0.85,12.0,170.0,166.0,5.0,4,1,0.05,0.3,0.0,0.0,0.0,0.0
111,153,Service,tug,0.8,10.0,251.0,33.0,5.0,6,1,0.3,0.2,0.0,0.2,0.3,0.2
112,154,Service,dredger,0.77,7.0,146.0,96.0,4.0,4,1,0.01,0.99,0.0,0.0,0.0,0.0
113,155,Service,recreational,0.69,17.0,118.0,34.0,2.0,4,1,0.26,0.0,0.16,0.12,0.0,0.22
114,156,Service,tug,0.75,10.0,251.0,33.0,5.0,6,1,0.25,0.15,0.0,0.15,0.2,0.15
115,157,Cargo,tanker,0.84,9.95,150.0,285.0,10.0,5,1,0.52,0.12,0.0,0.0,0.0,0.06
116,158,Cargo,bulker,0.77,12.0,120.0,262.0,10.92,4,1,0.24,0.07,0.0,0.0,0.17,0.0
117,159,Service,recreational,0.66,18.0,112.0,33.0,2.0,4,1,0.24,0.0,0.14,0.08,0.0,0.18
118,160,Service,dredger,0.76,6.0,135.0,85.0,4.0,4,1,0.01,0.21,0.0,0.0,0.0,0.0
119,161,Service,fishing,0.6,8.0,173.0,28.0,4.0,5,1,0.05,0.0,0.05,0.05,0.05,0.25
120,162,Service,dredger,0.76,6.0,126.0,76.0,4.0,4,1,0.0,0.21,0.0,0.0,0.0,0.0
121,163,Service,fishing,0.61,12.0,174.0,28.0,4.0,5,1,0.05,0.0,0.05,0.05,0.05,0.25
122,164,Cargo,vehicle_carrier,0.75,16.0,51.0,173.0,5.24,6,1,0.82,0.0,0.11,0.01,0.01,0.0
123,165,Service,tug,0.7,7.0,221.0,30.0,4.0,4,1,0.2,0.1,0.0,0.1,0.1,0.1
124,166,Service,fishing,0.54,7.0,151.0,22.0,2.0,3,1,0.02,0.0,0.02,0.02,0.02,0.22
125,167,Service,dredger,0.77,7.0,149.0,99.0,4.0,4,1,0.01,0.91,0.0,0.0,0.0,0.0
126,168,Cargo,vehicle_carrier,0.79,16.0,51.0,173.0,6.86,6,1,0.95,0.0,0.17,0.07,0.07,0.0
127,169,Cargo,bulker,0.74,11.0,58.0,207.0,8.78,6,1,0.15,0.03,0.0,0.0,0.13,0.0
128,170,Cargo,tanker,0.87,10.65,146.0,276.0,8.0,5,1,0.56,0.16,0.0,0.0,0.0,0.08
129,171,Cargo,tanker,0.87,10.63,147.0,278.0,10.0,5,1,0.56,0.16,0.0,0.0,0.0,0.08
130,172,Cargo,tanker,0.8,8.91,146.0,276.0,8.0,5,1,0.47,0.07,0.0,0.0,0.0,0.04
131,173,Service,fishing,0.56,10.0,160.0,25.0,3.0,4,1,0.03,0.0,0.03,0.03,0.03,0.23
132,174,Cargo,bulker,0.78,10.0,124.0,277.0,11.52,4,1,0.26,0.08,0.0,0.0,0.18,0.0
133,175,Service,fishing,0.59,12.0,168.0,27.0,3.0,4,1,0.04,0.0,0.04,0.04,0.04,0.24
134,176,Service,tug,0.7,7.0,221.0,30.0,4.0,4,1,0.2,0.1,0.0,0.1,0.11,0.1
135,177,Service,fishing,0.69,8.0,153.0,23.0,2.0,3,1,0.1,0.0,0.1,0.1,0.1,0.3
136,178,Cargo,bulker,0.8,10.0,53.0,296.0,12.24,4,1,0.29,0.09,0.0,0.0,0.19,0.0
137,179,Cargo,bulker,0.79,10.0,56.0,290.0,12.01,4,1,0.28,0.09,0.0,0.0,0.19,0.0
138,180,Service,tug,0.71,8.0,229.0,31.0,4.0,4,1,0.21,0.11,0.0,0.11,0.13,0.11
139,181,Cargo,bulker,0.77,12.0,68.0,249.0,10.4,4,1,0.22,0.06,0.0,0.0,0.16,0.0
140,182,Service,dredger,0.8,9.0,177.0,127.0,5.0,4,1,0.02,0.92,0.0,0.0,0.0,0.0
141,183,Cargo,bulker,0.73,10.0,53.0,188.0,8.04,4,1,0.12,0.01,0.0,0.0,0.11,0.0
142,184,Cargo,tanker,0.79,8.6,143.0,137.0,8.0,5,1,0.46,0.06,0.0,0.0,0.0,0.03
143,185,Service,dredger,0.84,12.0,134.0,178.0,4.0,4,1,0.05,0.29,0.0,0.0,0.0,0.0
144,186,Service,dredger,0.78,8.0,163.0,113.0,5.0,4,1,0.02,0.94,0.0,0.0,0.0,0.0
145,187,Service,tug,0.74,9.0,242.0,32.0,5.0,6,1,0.24,0.14,0.0,0.14,0.17,0.14
146,188,Cargo,containership,0.74,13.0,57.0,300.0,9.0,6,1,0.46,0.0,0.0,0.0,0.0,0.0
147,189,Cargo,containership,0.72,15.0,104.0,181.0,13.0,6,1,0.4,0.0,0.0,0.0,0.0,0.0
148,190,Cargo,bulker,0.73,10.0,52.0,184.0,7.87,4,1,0.11,0.01,0.0,0.0,0.11,0.0
149,191,Service,dredger,0.83,12.0,187.0,167.0,6.0,4,1,0.04,0.28,0.0,0.0,0.0,0.0
150,192,Cargo,containership,0.72,14.0,100.0,167.0,11.0,6,1,0.37,0.0,0.0,0.0,0.0,0.0
151,193,Cargo,containership,0.73,16.0,106.0,191.0,13.0,6,1,0.41,0.0,0.0,0.0,0.0,0.0
152,194,Cargo,bulker,0.79,12.0,125.0,279.0,11.57,4,1,0.26,0.08,0.0,0.0,0.18,0.0
153,195,Cargo,containership,0.73,16.0,108.0,196.0,12.0,6,1,0.42,0.0,0.0,0.0,0.0,0.0
154,196,Service,fishing,0.63,5.0,181.0,30.0,4.0,5,1,0.06,0.0,0.06,0.06,0.06,0.26
155,197,Cargo,vehicle_carrier,0.78,20.0,58.0,170.0,6.35,6,1,0.91,0.0,0.15,0.05,0.05,0.0
156,198,Service,tug,0.71,7.0,223.0,30.0,4.0,4,1,0.21,0.11,0.0,0.11,0.11,0.11
157,199,Cargo,vehicle_carrier,0.77,18.0,55.0,181.0,5.86,6,1,0.87,0.0,0.13,0.03,0.03,0.0
158,200,Cargo,bulker,0.72,10.0,51.0,180.0,7.73,4,1,0.11,0.0,0.0,0.0,0.1,0.0
159,201,Cargo,tanker,0.76,7.77,137.0,124.0,6.0,4,1,0.41,0.01,0.0,0.0,0.0,0.01
160,202,Service,tug,0.78,10.0,244.0,33.0,5.0,6,1,0.28,0.18,0.0,0.18,0.25,0.18
161,203,Cargo,bulker,0.73,10.0,52.0,186.0,7.95,4,1,0.12,0.01,0.0,0.0,0.11,0.0
162,204,Service,dredger,0.79,9.0,170.0,120.0,5.0,4,1,0.02,0.24,0.0,0.0,0.0,0.0
163,205,Cargo,tanker,0.82,9.24,148.0,281.0,9.0,5,1,0.49,0.09,0.0,0.0,0.0,0.04
164,206,Cargo,vehicle_carrier,0.75,16.0,50.0,170.0,5.02,6,1,0.8,0.0,0.1,0.0,0.0,0.0
165,207,Cargo,bulker,0.76,12.0,66.0,239.0,10.03,4,1,0.2,0.05,0.0,0.0,0.15,0.0
166,208,Service,dredger,0.78,8.0,155.0,105.0,5.0,4,1,0.01,0.23,0.0,0.0,0.0,0.0
167,209,Service,tug,0.76,7.0,255.0,34.0,6.0,4,1,0.26,0.16,0.0,0.16,0.21,0.16
168,210,Service,tug,0.74,10.0,244.0,33.0,5.0,6,1,0.24,0.14,0.0,0.14,0.18,0.14
169,211,Service,recreational,0.68,17.0,118.0,34.0,2.0,4,1,0.26,0.0,0.16,0.11,0.0,0.21
170,212,Service,dredger,0.79,9.0,170.0,120.0,5.0,4,1,0.02,0.24,0.0,0.0,0.0,0.0
171,213,Service,fishing,0.53,7.0,149.0,22.0,2.0,3,1,0.02,0.0,0.02,0.02,0.02,0.22
172,214,Cargo,containership,0.73,16.0,105.0,186.0,11.0,6,1,0.4,0.0,0.0,0.0,0.0,0.0
173,215,Cargo,tanker,0.76,7.68,136.0,122.0,6.0,4,1,0.41,0.01,0.0,0.0,0.0,0.0
174,216,Service,dredger,0.84,12.0,146.0,179.0,4.0,4,1,0.04,0.96,0.0,0.0,0.0,0.0
175,217,Service,recreational,0.74,17.0,109.0,32.0,2.0,4,1,0.3,0.0,0.2,0.19,0.0,0.29
176,218,Cargo,containership,0.72,14.0,59.0,158.0,10.0,6,1,0.36,0.0,0.0,0.0,0.0,0.0
177,219,Cargo,containership,0.73,14.0,109.0,288.0,11.0,6,1,0.44,0.0,0.0,0.0,0.0,0.0
178,220,Cargo,bulker,0.78,12.0,122.0,270.0,11.24,4,1,0.25,0.07,0.0,0.0,0.17,0.0
179,221,Cargo,containership,0.71,13.0,57.0,151.0,9.0,6,1,0.35,0.0,0.0,0.0,0.0,0.0
180,222,Service,fishing,0.66,6.0,189.0,21.0,2.0,3,1,0.08,0.0,0.08,0.08,0.08,0.28
181,223,Service,tug,0.73,9.0,241.0,32.0,5.0,6,1,0.23,0.13,0.0,0.13,0.17,0.13
182,224,Service,recreational,0.61,15.0,102.0,30.0,2.0,4,1,0.21,0.0,0.11,0.01,0.0,0.11
183,225,Cargo,containership,0.74,13.0,57.0,288.0,9.0,6,1,0.44,0.0,0.0,0.0,0.0,0.0
184,226,Cargo,bulker,0.76,11.0,65.0,236.0,9.92,6,1,0.2,0.05,0.0,0.0,0.15,0.0
185,227,Service,fishing,0.58,11.0,165.0,26.0,3.0,4,1,0.04,0.0,0.04,0.04,0.04,0.24
186,228,Cargo,vehicle_carrier,0.8,17.0,60.0,177.0,7.3,6,1,0.98,0.0,0.19,0.09,0.09,0.0
187,229,Service,tug,0.75,8.0,253.0,34.0,6.0,4,1,0.25,0.15,0.0,0.15,0.21,0.15
188,230,Service,tug,0.77,8.0,230.0,35.0,6.0,4,1,0.27,0.17,0.0,0.17,0.24,0.17
189,231,Service,recreational,0.73,15.0,100.0,30.0,2.0,4,1,0.29,0.0,0.19,0.17,0.0,0.27
190,232,Service,tug,0.73,9.0,237.0,32.0,5.0,6,1,0.23,0.13,0.0,0.13,0.16,0.13
191,233,Cargo,containership,0.73,13.0,110.0,286.0,8.0,6,1,0.44,0.0,0.0,0.0,0.0,0.0
192,234,Cargo,bulker,0.75,11.0,60.0,218.0,9.21,6,1,0.17,0.03,0.0,0.0,0.13,0.0
193,235,Service,tug,0.73,9.0,242.0,32.0,5.0,6,1,0.23,0.13,0.0,0.13,0.17,0.13
194,236,Service,tug,0.77,9.0,243.0,35.0,6.0,6,1,0.27,0.17,0.0,0.17,0.23,0.17
195,237,Cargo,vehicle_carrier,0.78,20.0,59.0,185.0,6.56,6,1,0.92,0.0,0.16,0.06,0.06,0.0
196,238,Cargo,vehicle_carrier,0.79,18.0,55.0,181.0,6.99,6,1,0.96,0.0,0.18,0.08,0.08,0.0
197,239,Cargo,tanker,0.77,7.97,138.0,127.0,6.0,4,1,0.42,0.02,0.0,0.0,0.0,0.01
198,240,Service,fishing,0.67,5.0,195.0,29.0,4.0,5,1,0.09,0.0,0.09,0.09,0.09,0.29
199,241,Cargo,containership,0.73,16.0,106.0,287.0,7.0,6,1,0.44,0.0,0.0,0.0,0.0,0.0
200,242,Service,tug,0.73,9.0,241.0,32.0,5.0,6,1,0.23,0.13,0.0,0.13,0.17,0.13
201,243,Service,dredger,0.85,10.0,187.0,137.0,6.0,4,1,0.05,0.95,0.0,0.0,0.0,0.0
202,244,Service,tug,0.79,10.0,246.0,35.0,6.0,6,1,0.29,0.19,0.0,0.19,0.29,0.19
203,245,Cargo,bulker,0.73,10.0,54.0,191.0,8.13,4,1,0.13,0.01,0.0,0.0,0.11,0.0
204,246,Cargo,tanker,0.89,11.21,136.0,123.0,6.0,4,1,0.59,0.19,0.0,0.0,0.0,0.09
205,247,Service,fishing,0.59,12.0,169.0,27.0,3.0,4,1,0.05,0.0,0.05,0.05,0.05,0.25
206,248,Service,dredger,0.83,12.0,173.0,177.0,5.0,4,1,0.04,0.97,0.0,0.0,0.0,0.0
207,249,Cargo,tanker,0.79,8.58,143.0,137.0,8.0,5,1,0.45,0.05,0.0,0.0,0.0,0.03
208,250,Service,recreational,0.66,18.0,112.0,33.0,2.0,4,1,0.24,0.0,0.14,0.08,0.0,0.18
209,251,Service,fishing,0.59,12.0,168.0,27.0,3.0,4,1,0.04,0.0,0.04,0.04,0.04,0.24
210,252,Service,tug,0.78,7.0,259.0,34.0,6.0,4,1,0.28,0.18,0.0,0.18,0.26,0.18
211,253,Service,tug,0.75,10.0,254.0,34.0,6.0,6,1,0.25,0.15,0.0,0.15,0.21,0.15
212,254,Service,fishing,0.57,10.0,163.0,25.0,3.0,4,1,0.04,0.0,0.04,0.04,0.04,0.24
213,255,Service,tug,0.71,7.0,223.0,30.0,4.0,4,1,0.21,0.11,0.0,0.11,0.11,0.11
214,256,Cargo,containership,0.72,15.0,104.0,182.0,13.0,6,1,0.4,0.0,0.0,0.0,0.0,0.0
215,257,Service,fishing,0.56,10.0,160.0,25.0,3.0,4,1,0.03,0.0,0.03,0.03,0.03,0.23
216,258,Cargo,tanker,0.85,10.11,137.0,124.0,6.0,4,1,0.53,0.13,0.0,0.0,0.0,0.07
217,259,Service,fishing,0.51,5.0,142.0,20.0,2.0,3,1,0.0,0.0,0.0,0.0,0.0,0.2
218,260,Service,dredger,0.77,7.0,146.0,96.0,4.0,4,1,0.01,0.99,0.0,0.0,0.0,0.0
219,261,Service,tug,0.74,10.0,247.0,33.0,5.0,6,1,0.24,0.14,0.0,0.14,0.19,0.14
220,262,Cargo,containership,0.72,14.0,60.0,160.0,11.0,6,1,0.36,0.0,0.0,0.0,0.0,0.0
221,263,Cargo,containership,0.74,15.0,102.0,293.0,12.0,6,1,0.45,0.0,0.0,0.0,0.0,0.0
222,264,Service,recreational,0.69,17.0,119.0,34.0,2.0,4,1,0.26,0.0,0.16,0.12,0.0,0.22
223,265,Cargo,tanker,0.87,10.74,147.0,279.0,9.0,5,1,0.56,0.16,0.0,0.0,0.0,0.08
224,266,Cargo,vehicle_carrier,0.8,16.0,51.0,172.0,7.42,6,1,0.99,0.0,0.2,0.1,0.1,0.0
225,267,Cargo,vehicle_carrier,0.76,17.0,53.0,176.0,5.49,6,1,0.84,0.0,0.12,0.02,0.02,0.0
226,268,Service,fishing,0.65,10.0,188.0,28.0,4.0,5,1,0.08,0.0,0.08,0.08,0.08,0.28
227,269,Service,recreational,0.61,15.0,101.0,30.0,2.0,4,1,0.2,0.0,0.1,0.01,0.0,0.11
228,270,Cargo,bulker,0.79,10.0,55.0,283.0,11.73,4,1,0.27,0.08,0.0,0.0,0.18,0.0
229,271,Service,fishing,0.6,12.0,170.0,27.0,3.0,4,1,0.05,0.0,0.05,0.05,0.05,0.25
230,272,Service,recreational,0.75,18.0,115.0,33.0,2.0,4,1,0.3,0.0,0.2,0.2,0.0,0.3
231,273,Cargo,tanker,0.78,8.27,141.0,132.0,7.0,4,1,0.44,0.04,0.0,0.0,0.0,0.02
232,274,Cargo,tanker,0.77,8.08,139.0,129.0,7.0,4,1,0.43,0.03,0.0,0.0,0.0,0.01
233,275,Cargo,tanker,0.86,10.54,138.0,127.0,6.0,4,1,0.55,0.15,0.0,0.0,0.0,0.08
234,276,Cargo,tanker,0.81,8.99,146.0,277.0,8.0,5,1,0.47,0.07,0.0,0.0,0.0,0.04
235,277,Cargo,tanker,0.89,11.11,137.0,125.0,6.0,4,1,0.58,0.18,0.0,0.0,0.0,0.09
236,278,Service,recreational,0.74,17.0,109.0,32.0,2.0,4,1,0.29,0.0,0.19,0.18,0.0,0.28
237,279,Service,recreational,0.66,18.0,113.0,33.0,2.0,4,1,0.24,0.0,0.14,0.08,0.0,0.18
238,280,Cargo,containership,0.72,14.0,59.0,159.0,10.0,6,1,0.36,0.0,0.0,0.0,0.0,0.0
239,281,Service,dredger,0.75,6.0,122.0,72.0,4.0,4,1,0.0,0.93,0.0,0.0,0.0,0.0
240,282,Cargo,vehicle_carrier,0.78,16.0,60.0,171.0,6.68,6,1,0.93,0.0,0.17,0.07,0.07,0.0
241,283,Service,tug,0.77,7.0,221.0,35.0,6.0,4,1,0.27,0.17,0.0,0.17,0.24,0.17
242,284,Cargo,tanker,0.75,7.63,136.0,122.0,6.0,4,1,0.41,0.01,0.0,0.0,0.0,0.0
243,285,Cargo,bulker,0.77,12.0,68.0,249.0,10.4,6,1,0.22,0.06,0.0,0.0,0.16,0.0
244,286,Service,tug,0.75,10.0,251.0,33.0,5.0,6,1,0.25,0.15,0.0,0.15,0.2,0.15
245,287,Service,recreational,0.68,15.0,117.0,34.0,2.0,4,1,0.26,0.0,0.16,0.11,0.0,0.21
246,288,Cargo,bulker,0.79,11.0,59.0,294.0,12.17,6,1,0.29,0.09,0.0,0.0,0.19,0.0
247,289,Cargo,bulker,0.79,11.0,123.0,283.0,11.75,6,1,0.27,0.08,0.0,0.0,0.18,0.0
248,290,Cargo,bulker,0.76,12.0,67.0,244.0,10.21,6,1,0.21,0.05,0.0,0.0,0.15,0.0
249,291,Cargo,containership,0.73,15.0,110.0,283.0,13.0,6,1,0.43,0.0,0.0,0.0,0.0,0.0
250,292,Service,recreational,0.72,16.0,104.0,31.0,2.0,4,1,0.28,0.0,0.18,0.15,0.0,0.25
251,293,Cargo,bulker,0.76,11.0,65.0,236.0,9.89,6,1,0.2,0.05,0.0,0.0,0.15,0.0
252,294,Cargo,tanker,0.78,8.2,140.0,131.0,7.0,4,1,0.44,0.04,0.0,0.0,0.0,0.02
253,295,Service,fishing,0.67,9.0,195.0,24.0,3.0,4,1,0.09,0.0,0.09,0.09,0.09,0.29
254,296,Cargo,bulker,0.73,10.0,52.0,184.0,7.87,4,1,0.11,0.01,0.0,0.0,0.11,0.0
255,297,Cargo,containership,0.73,16.0,105.0,187.0,11.0,6,1,0.41,0.0,0.0,0.0,0.0,0.0
256,298,Service,tug,0.72,8.0,233.0,31.0,4.0,4,1,0.22,0.12,0.0,0.12,0.14,0.12
257,299,Service,recreational,0.65,17.0,111.0,32.0,2.0,4,1,0.24,0.0,0.14,0.07,0.0,0.17
258,300,Service,dredger,0.81,10.0,196.0,146.0,6.0,4,1,0.03,0.26,0.0,0.0,0.0,0.0
259,301,Cargo,containership,0.72,15.0,101.0,171.0,12.0,6,1,0.38,0.0,0.0,0.0,0.0,0.0
260,302,Cargo,bulker,0.8,12.0,67.0,298.0,12.33,6,1,0.29,0.1,0.0,0.0,0.2,0.0
261,303,Service,recreational,0.6,15.0,101.0,30.0,2.0,4,1,0.2,0.0,0.1,0.01,0.0,0.11
262,304,Service,fishing,0.53,7.0,148.0,22.0,2.0,3,1,0.01,0.0,0.01,0.01,0.01,0.21
263,305,Cargo,bulker,0.73,10.0,55.0,198.0,8.41,4,1,0.14,0.02,0.0,0.0,0.12,0.0
264,306,Cargo,containership,0.72,15.0,102.0,175.0,12.0,6,1,0.39,0.0,0.0,0.0,0.0,0.0
265,307,Cargo,vehicle_carrier,0.78,20.0,60.0,179.0,6.59,6,1,0.93,0.0,0.16,0.06,0.06,0.0
266,308,Cargo,tanker,0.78,8.25,140.0,131.0,7.0,4,1,0.44,0.04,0.0,0.0,0.0,0.02
267,309,Service,dredger,0.76,6.0,128.0,78.0,4.0,4,1,0.0,0.21,0.0,0.0,0.0,0.0
268,310,Service,tug,0.76,7.0,255.0,34.0,6.0,4,1,0.26,0.16,0.0,0.16,0.21,0.16
269,311,Cargo,containership,0.74,14.0,58.0,304.0,10.0,6,1,0.46,0.0,0.0,0.0,0.0,0.0
270,312,Service,recreational,0.7,16.0,120.0,35.0,2.0,4,1,0.27,0.0,0.17,0.13,0.0,0.23
271,313,Service,dredger,0.81,10.0,192.0,142.0,6.0,4,1,0.03,1.0,0.0,0.0,0.0,0.0
272,314,Service,dredger,0.77,7.0,145.0,95.0,4.0,4,1,0.01,0.22,0.0,0.0,0.0,0.0
273,315,Service,dredger,0.79,9.0,172.0,122.0,5.0,4,1,0.02,0.24,0.0,0.0,0.0,0.0
274,316,Cargo,bulker,0.72,10.0,50.0,178.0,7.63,4,1,0.11,0.0,0.0,0.0,0.1,0.0
275,317,Cargo,tanker,0.82,9.35,149.0,283.0,9.0,5,1,0.49,0.09,0.0,0.0,0.0,0.05
276,318,Cargo,bulker,0.78,12.0,121.0,264.0,10.99,4,1,0.24,0.07,0.0,0.0,0.17,0.0
277,319,Service,recreational,0.63,16.0,105.0,31.0,2.0,4,1,0.22,0.0,0.12,0.04,0.0,0.14
278,320,Cargo,bulker,0.76,11.0,64.0,232.0,9.73,6,1,0.19,0.04,0.0,0.0,0.14,0.0
279,321,Cargo,vehicle_carrier,0.76,18.0,54.0,178.0,5.69,6,1,0.86,0.0,0.13,0.03,0.03,0.0
280,322,Cargo,tanker,0.88,10.99,148.0,280.0,9.0,5,1,0.57,0.17,0.0,0.0,0.0,0.09
281,323,Cargo,tanker,0.86,10.43,138.0,127.0,6.0,4,1,0.55,0.15,0.0,0.0,0.0,0.07
282,324,Service,recreational,0.69,16.0,118.0,34.0,2.0,4,1,0.26,0.0,0.16,0.12,0.0,0.22
283,325,Service,tug,0.76,8.0,255.0,34.0,6.0,4,1,0.26,0.16,0.0,0.16,0.21,0.16
284,326,Cargo,vehicle_carrier,0.76,16.0,51.0,173.0,5.26,6,1,0.82,0.0,0.11,0.01,0.01,0.0
285,327,Cargo,containership,0.74,12.0,51.0,309.0,6.0,6,1,0.47,0.0,0.0,0.0,0.0,0.0
286,328,Cargo,bulker,0.77,12.0,70.0,257.0,10.71,6,1,0.23,0.06,0.0,0.0,0.16,0.0
287,329,Service,fishing,0.67,12.0,193.0,27.0,3.0,4,1,0.08,0.0,0.08,0.08,0.08,0.28
288,330,Cargo,bulker,0.8,12.0,69.0,296.0,12.26,4,1,0.29,0.1,0.0,0.0,0.2,0.0
289,331,Service,dredger,0.83,12.0,161.0,176.0,6.0,4,1,0.04,0.28,0.0,0.0,0.0,0.0
290,332,Cargo,bulker,0.74,10.0,57.0,206.0,8.74,4,1,0.15,0.02,0.0,0.0,0.12,0.0
291,333,Cargo,containership,0.73,16.0,106.0,191.0,11.0,6,1,0.41,0.0,0.0,0.0,0.0,0.0
292,334,Cargo,bulker,0.79,10.0,57.0,293.0,12.12,4,1,0.28,0.09,0.0,0.0,0.19,0.0
293,335,Cargo,vehicle_carrier,0.76,17.0,52.0,174.0,5.36,6,1,0.83,0.0,0.11,0.01,0.01,0.0
294,336,Cargo,vehicle_carrier,0.75,16.0,50.0,170.0,5.02,6,1,0.8,0.0,0.1,0.0,0.0,0.0
295,337,Cargo,tanker,0.78,8.31,141.0,132.0,7.0,4,1,0.44,0.04,0.0,0.0,0.0,0.02
296,338,Service,recreational,0.62,15.0,103.0,30.0,2.0,4,1,0.21,0.0,0.11,0.02,0.0,0.12
297,339,Service,tug,0.71,8.0,229.0,31.0,4.0,4,1,0.21,0.11,0.0,0.11,0.13,0.11
298,340,Service,fishing,0.58,11.0,165.0,26.0,3.0,4,1,0.04,0.0,0.04,0.04,0.04,0.24
299,341,Service,dredger,0.81,10.0,194.0,144.0,6.0,4,1,0.03,0.26,0.0,0.0,0.0,0.0
300,342,Cargo,bulker,0.73,10.0,53.0,190.0,8.1,4,1,0.12,0.01,0.0,0.0,0.11,0.0
301,343,Cargo,bulker,0.74,10.0,56.0,199.0,8.44,4,1,0.14,0.02,0.0,0.0,0.12,0.0
302,344,Cargo,containership,0.72,15.0,101.0,168.0,12.0,6,1,0.38,0.0,0.0,0.0,0.0,0.0
303,345,Service,recreational,0.72,17.0,109.0,32.0,2.0,4,1,0.28,0.0,0.18,0.15,0.0,0.25
304,346,Cargo,vehicle_carrier,0.78,20.0,58.0,176.0,6.4,6,1,0.91,0.0,0.16,0.06,0.06,0.0
305,347,Service,fishing,0.57,10.0,162.0,25.0,3.0,4,1,0.04,0.0,0.04,0.04,0.04,0.24
306,348,Cargo,tanker,0.88,10.99,145.0,140.0,8.0,5,1,0.57,0.17,0.0,0.0,0.0,0.09
307,349,Cargo,vehicle_carrier,0.77,19.0,56.0,183.0,6.02,6,1,0.88,0.0,0.14,0.04,0.04,0.0
308,350,Service,dredger,0.84,8.0,166.0,116.0,5.0,4,1,0.04,0.98,0.0,0.0,0.0,0.0
309,351,Service,recreational,0.73,17.0,119.0,34.0,2.0,4,1,0.29,0.0,0.19,0.17,0.0,0.27
310,352,Service,dredger,0.84,8.0,156.0,106.0,5.0,4,1,0.04,0.29,0.0,0.0,0.0,0.0
311,353,Service,tug,0.71,7.0,226.0,30.0,4.0,4,1,0.21,0.11,0.0,0.11,0.12,0.11
312,354,Cargo,tanker,0.78,8.36,141.0,133.0,7.0,4,1,0.44,0.04,0.0,0.0,0.0,0.02
313,355,Service,tug,0.72,8.0,230.0,31.0,4.0,4,1,0.22,0.12,0.0,0.12,0.13,0.12
314,356,Cargo,containership,0.73,12.0,109.0,282.0,6.0,6,1,0.43,0.0,0.0,0.0,0.0,0.0
315,357,Service,dredger,0.77,7.0,143.0,93.0,4.0,4,1,0.01,0.22,0.0,0.0,0.0,0.0
316,358,Cargo,containership,0.74,13.0,57.0,296.0,9.0,6,1,0.45,0.0,0.0,0.0,0.0,0.0
317,359,Cargo,bulker,0.73,10.0,52.0,186.0,7.97,4,1,0.12,0.01,0.0,0.0,0.11,0.0
318,360,Service,tug,0.79,8.0,234.0,31.0,4.0,4,1,0.29,0.19,0.0,0.19,0.28,0.19
319,361,Service,recreational,0.74,16.0,119.0,34.0,2.0,4,1,0.29,0.0,0.19,0.18,0.0,0.28
320,362,Service,dredger,0.83,12.0,187.0,168.0,6.0,4,1,0.04,0.95,0.0,0.0,0.0,0.0
321,363,Service,fishing,0.66,7.0,189.0,22.0,2.0,3,1,0.08,0.0,0.08,0.08,0.08,0.28
322,364,Cargo,tanker,0.87,10.64,135.0,120.0,6.0,4,1,0.56,0.16,0.0,0.0,0.0,0.08
323,365,Cargo,vehicle_carrier,0.78,18.0,60.0,179.0,6.69,6,1,0.94,0.0,0.17,0.07,0.07,0.0
324,366,Service,recreational,0.61,15.0,102.0,30.0,2.0,4,1,0.21,0.0,0.11,0.01,0.0,0.11
325,367,Service,recreational,0.61,15.0,101.0,30.0,2.0,4,1,0.2,0.0,0.1,0.01,0.0,0.11
326,368,Cargo,containership,0.74,15.0,104.0,311.0,13.0,6,1,0.48,0.0,0.0,0.0,0.0,0.0
327,369,Service,tug,0.78,9.0,243.0,32.0,5.0,6,1,0.28,0.18,0.0,0.18,0.25,0.18
328,370,Service,dredger,0.76,6.0,135.0,85.0,4.0,4,1,0.01,0.98,0.0,0.0,0.0,0.0
329,371,Service,dredger,0.78,8.0,159.0,109.0,5.0,4,1,0.02,0.23,0.0,0.0,0.0,0.0
330,372,Cargo,bulker,0.73,10.0,53.0,190.0,8.09,4,1,0.12,0.01,0.0,0.0,0.11,0.0
331,373,Cargo,bulker,0.72,10.0,51.0,179.0,7.67,4,1,0.11,0.0,0.0,0.0,0.1,0.0
332,374,Cargo,tanker,0.8,8.83,145.0,275.0,8.0,5,1,0.47,0.07,0.0,0.0,0.0,0.03
333,375,Cargo,containership,0.71,13.0,57.0,149.0,9.0,6,1,0.35,0.0,0.0,0.0,0.0,0.0
334,376,Service,recreational,0.7,18.0,112.0,35.0,2.0,4,1,0.27,0.0,0.17,0.13,0.0,0.23
335,377,Service,dredger,0.77,7.0,150.0,100.0,4.0,4,1,0.01,0.22,0.0,0.0,0.0,0.0
336,378,Service,fishing,0.5,5.0,141.0,20.0,2.0,3,1,0.0,0.0,0.0,0.0,0.0,0.2
337,379,Cargo,containership,0.7,12.0,50.0,123.0,6.0,6,1,0.31,0.0,0.0,0.0,0.0,0.0
338,380,Cargo,tanker,0.89,11.19,139.0,128.0,7.0,4,1,0.58,0.18,0.0,0.0,0.0,0.09
339,381,Cargo,tanker,0.82,9.42,150.0,284.0,9.0,5,1,0.5,0.1,0.0,0.0,0.0,0.05
340,382,Cargo,containership,0.7,12.0,51.0,127.0,6.0,6,1,0.31,0.0,0.0,0.0,0.0,0.0
341,383,Cargo,tanker,0.83,9.56,147.0,279.0,10.0,5,1,0.5,0.1,0.0,0.0,0.0,0.05
342,384,Cargo,containership,0.73,15.0,109.0,281.0,12.0,6,1,0.43,0.0,0.0,0.0,0.0,0.0
343,385,Cargo,vehicle_carrier,0.8,16.0,51.0,172.0,7.31,6,1,0.99,0.0,0.19,0.09,0.09,0.0
344,386,Cargo,containership,0.73,16.0,108.0,199.0,10.0,6,1,0.42,0.0,0.0,0.0,0.0,0.0
345,387,Service,tug,0.74,10.0,248.0,33.0,5.0,6,1,0.24,0.14,0.0,0.14,0.19,0.14
346,388,Cargo,containership,0.74,14.0,100.0,301.0,11.0,6,1,0.46,0.0,0.0,0.0,0.0,0.0
347,389,Cargo,tanker,0.85,10.18,146.0,276.0,8.0,5,1,0.53,0.13,0.0,0.0,0.0,0.07
348,390,Service,dredger,0.81,10.0,192.0,142.0,6.0,4,1,0.03,0.91,0.0,0.0,0.0,0.0
349,391,Service,tug,0.75,10.0,251.0,33.0,5.0,6,1,0.25,0.15,0.0,0.15,0.2,0.15
350,392,Cargo,tanker,0.84,9.96,149.0,283.0,10.0,5,1,0.52,0.12,0.0,0.0,0.0,0.06
351,393,Cargo,bulker,0.75,11.0,61.0,222.0,9.37,6,1,0.17,0.04,0.0,0.0,0.14,0.0
352,394,Cargo,bulker,0.8,10.0,57.0,300.0,12.4,4,1,0.3,0.1,0.0,0.0,0.2,0.0
353,395,Service,dredger,0.79,8.0,167.0,117.0,5.0,4,1,0.02,0.24,0.0,0.0,0.0,0.0
354,396,Service,dredger,0.76,6.0,126.0,76.0,4.0,4,1,0.0,0.21,0.0,0.0,0.0,0.0
355,397,Service,tug,0.71,7.0,227.0,30.0,4.0,4,1,0.21,0.11,0.0,0.11,0.12,0.11
356,398,Cargo,vehicle_carrier,0.8,19.0,56.0,182.0,7.33,6,1,0.99,0.0,0.19,0.09,0.09,0.0
357,399,Service,dredger,0.75,6.0,124.0,74.0,4.0,4,1,0.0,0.2,0.0,0.0,0.0,0.0
358,400,Cargo,bulker,0.74,11.0,59.0,214.0,9.04,6,1,0.16,0.03,0.0,0.0,0.13,0.0
359,401,Cargo,containership,0.72,15.0,104.0,183.0,13.0,6,1,0.4,0.0,0.0,0.0,0.0,0.0
360,402,Cargo,tanker,0.87,10.79,150.0,285.0,9.0,5,1,0.56,0.16,0.0,0.0,0.0,0.08
361,403,Cargo,bulker,0.74,10.0,57.0,206.0,8.75,4,1,0.15,0.02,0.0,0.0,0.12,0.0
362,404,Cargo,bulker,0.73,10.0,52.0,186.0,7.94,4,1,0.12,0.01,0.0,0.0,0.11,0.0
363,405,Cargo,vehicle_carrier,0.75,16.0,50.0,171.0,5.11,6,1,0.81,0.0,0.1,0.0,0.0,0.0
364,406,Service,tug,0.74,10.0,246.0,33.0,5.0,6,1,0.24,0.14,0.0,0.14,0.18,0.14
365,407,Service,tug,0.77,7.0,226.0,35.0,6.0,4,1,0.27,0.17,0.0,0.17,0.23,0.17
366,408,Service,recreational,0.72,18.0,114.0,35.0,2.0,4,1,0.28,0.0,0.18,0.16,0.0,0.26
367,409,Cargo,vehicle_carrier,0.79,20.0,58.0,185.0,7.06,6,1,0.97,0.0,0.18,0.08,0.08,0.0
368,410,Cargo,containership,0.71,13.0,54.0,138.0,8.0,6,1,0.33,0.0,0.0,0.0,0.0,0.0
369,411,Service,tug,0.72,8.0,233.0,31.0,4.0,4,1,0.22,0.12,0.0,0.12,0.14,0.12
370,412,Cargo,tanker,0.79,8.65,144.0,138.0,8.0,5,1,0.46,0.06,0.0,0.0,0.0,0.03
371,413,Service,dredger,0.83,12.0,179.0,175.0,6.0,4,1,0.04,0.96,0.0,0.0,0.0,0.0
372,414,Cargo,vehicle_carrier,0.77,19.0,56.0,183.0,6.06,6,1,0.88,0.0,0.14,0.04,0.04,0.0
373,415,Service,dredger,0.83,12.0,163.0,169.0,5.0,4,1,0.04,0.92,0.0,0.0,0.0,0.0
374,416,Cargo,bulker,0.74,11.0,58.0,207.0,8.77,6,1,0.15,0.03,0.0,0.0,0.13,0.0
375,417,Cargo,tanker,0.89,11.22,137.0,125.0,10.0,4,1,0.59,0.19,0.0,0.0,0.0,0.09
376,418,Cargo,tanker,0.8,8.79,145.0,140.0,8.0,5,1,0.46,0.06,0.0,0.0,0.0,0.03
377,419,Cargo,bulker,0.77,12.0,69.0,254.0,10.62,4,1,0.22,0.06,0.0,0.0,0.16,0.0
378,420,Cargo,vehicle_carrier,0.75,16.0,50.0,170.0,5.07,6,1,0.81,0.0,0.1,0.0,0.0,0.0
379,421,Cargo,bulker,0.77,12.0,70.0,258.0,10.77,6,1,0.23,0.07,0.0,0.0,0.17,0.0
380,422,Service,dredger,0.79,9.0,169.0,119.0,5.0,4,1,0.02,0.24,0.0,0.0,0.0,0.0
381,423,Service,recreational,0.65,17.0,110.0,32.0,2.0,4,1,0.23,0.0,0.13,0.06,0.0,0.16
382,424,Cargo,tanker,0.83,9.75,149.0,283.0,10.0,5,1,0.51,0.11,0.0,0.0,0.0,0.06
383,425,Service,fishing,0.58,11.0,166.0,26.0,3.0,4,1,0.04,0.0,0.04,0.04,0.04,0.24
384,426,Service,fishing,0.53,7.0,150.0,22.0,2.0,3,1,0.02,0.0,0.02,0.02,0.02,0.22
385,427,Service,dredger,0.77,7.0,140.0,90.0,4.0,4,1,0.01,0.98,0.0,0.0,0.0,0.0
386,428,Cargo,containership,0.71,14.0,58.0,152.0,10.0,6,1,0.35,0.0,0.0,0.0,0.0,0.0
387,429,Service,tug,0.76,7.0,258.0,34.0,6.0,4,1,0.26,0.16,0.0,0.16,0.22,0.16
388,430,Cargo,bulker,0.74,11.0,58.0,209.0,8.86,6,1,0.15,0.03,0.0,0.0,0.13,0.0
389,431,Cargo,bulker,0.8,11.0,59.0,298.0,12.34,6,1,0.29,0.1,0.0,0.0,0.2,0.0
390,432,Cargo,containership,0.73,16.0,107.0,194.0,13.0,6,1,0.42,0.0,0.0,0.0,0.0,0.0
391,433,Cargo,containership,0.71,13.0,56.0,145.0,9.0,6,1,0.34,0.0,0.0,0.0,0.0,0.0
392,434,Service,dredger,0.79,8.0,166.0,116.0,5.0,4,1,0.02,0.95,0.0,0.0,0.0,0.0
393,435,Service,dredger,0.85,12.0,144.0,175.0,4.0,4,1,0.05,0.99,0.0,0.0,0.0,0.0
394,436,Cargo,containership,0.72,15.0,101.0,168.0,12.0,6,1,0.38,0.0,0.0,0.0,0.0,0.0
395,437,Cargo,tanker,0.83,9.62,144.0,138.0,10.0,5,1,0.51,0.11,0.0,0.0,0.0,0.05
396,438,Service,dredger,0.77,7.0,146.0,96.0,4.0,4,1,0.01,0.22,0.0,0.0,0.0,0.0
397,439,Service,recreational,0.66,18.0,112.0,33.0,2.0,4,1,0.24,0.0,0.14,0.08,0.0,0.18
398,440,Service,dredger,0.76,6.0,135.0,85.0,4.0,4,1,0.01,0.91,0.0,0.0,0.0,0.0
399,441,Cargo,bulker,0.73,10.0,55.0,197.0,8.39,4,1,0.14,0.02,0.0,0.0,0.12,0.0
400,442,Service,dredger,0.79,8.0,166.0,116.0,5.0,4,1,0.02,0.94,0.0,0.0,0.0,0.0
401,443,Cargo,tanker,0.86,10.53,139.0,128.0,7.0,4,1,0.55,0.15,0.0,0.0,0.0,0.08
402,444,Cargo,containership,0.72,14.0,59.0,159.0,10.0,6,1,0.36,0.0,0.0,0.0,0.0,0.0
403,445,Cargo,bulker,0.76,12.0,67.0,245.0,10.25,6,1,0.21,0.06,0.0,0.0,0.16,0.0
404,446,Service,dredger,0.83,12.0,181.0,170.0,5.0,4,1,0.04,0.28,0.0,0.0,0.0,0.0
405,447,Cargo,tanker,0.81,9.14,148.0,280.0,9.0,5,1,0.48,0.08,0.0,0.0,0.0,0.04
406,448,Service,recreational,0.64,17.0,108.0,32.0,2.0,4,1,0.23,0.0,0.13,0.06,0.0,0.16
407,449,Service,dredger,0.77,7.0,144.0,94.0,4.0,4,1,0.01,0.92,0.0,0.0,0.0,0.0
408,450,Cargo,tanker,0.76,7.89,138.0,126.0,6.0,4,1,0.42,0.02,0.0,0.0,0.0,0.01
409,451,Service,recreational,0.61,15.0,101.0,30.0,2.0,4,1,0.2,0.0,0.1,0.01,0.0,0.11
410,452,Cargo,containership,0.72,14.0,60.0,163.0,11.0,6,1,0.37,0.0,0.0,0.0,0.0,0.0
411,453,Service,dredger,0.77,7.0,150.0,100.0,4.0,4,1,0.01,0.95,0.0,0.0,0.0,0.0
412,454,Service,recreational,0.65,17.0,109.0,32.0,2.0,4,1,0.23,0.0,0.13,0.06,0.0,0.16
413,455,Cargo,bulker,0.79,12.0,122.0,290.0,12.03,4,1,0.28,0.09,0.0,0.0,0.19,0.0
414,456,Cargo,containership,0.74,15.0,103.0,294.0,13.0,6,1,0.45,0.0,0.0,0.0,0.0,0.0
415,457,Cargo,bulker,0.78,10.0,123.0,271.0,11.26,4,1,0.25,0.08,0.0,0.0,0.18,0.0
416,458,Service,fishing,0.51,6.0,144.0,21.0,2.0,3,1,0.01,0.0,0.01,0.01,0.01,0.21
417,459,Cargo,vehicle_carrier,0.8,17.0,60.0,174.0,7.4,6,1,0.99,0.0,0.2,0.1,0.1,0.0
418,460,Service,dredger,0.78,8.0,158.0,108.0,5.0,4,1,0.01,0.23,0.0,0.0,0.0,0.0
419,461,Service,recreational,0.71,17.0,110.0,35.0,2.0,4,1,0.27,0.0,0.17,0.14,0.0,0.24
420,462,Cargo,vehicle_carrier,0.78,20.0,59.0,172.0,6.48,6,1,0.92,0.0,0.16,0.06,0.06,0.0
421,463,Cargo,vehicle_carrier,0.76,17.0,53.0,176.0,5.51,6,1,0.84,0.0,0.12,0.02,0.02,0.0
422,464,Service,recreational,0.64,17.0,108.0,32.0,2.0,4,1,0.23,0.0,0.13,0.05,0.0,0.15
423,465,Cargo,containership,0.71,13.0,56.0,144.0,9.0,6,1,0.34,0.0,0.0,0.0,0.0,0.0
424,466,Service,dredger,0.84,6.0,126.0,76.0,4.0,4,1,0.04,0.29,0.0,0.0,0.0,0.0
425,467,Service,fishing,0.55,9.0,156.0,24.0,3.0,4,1,0.03,0.0,0.03,0.03,0.03,0.23
426,468,Cargo,bulker,0.8,10.0,56.0,201.0,12.48,4,1,0.3,0.1,0.0,0.0,0.2,0.0
427,469,Cargo,tanker,0.79,8.56,143.0,136.0,8.0,5,1,0.45,0.05,0.0,0.0,0.0,0.03
428,470,Cargo,bulker,0.72,10.0,51.0,180.0,7.71,4,1,0.11,0.0,0.0,0.0,0.1,0.0
429,471,Cargo,tanker,0.9,11.43,137.0,124.0,6.0,4,1,0.6,0.2,0.0,0.0,0.0,0.1
430,472,Cargo,bulker,0.79,10.0,54.0,288.0,11.92,4,1,0.28,0.09,0.0,0.0,0.19,0.0
431,473,Service,recreational,0.65,17.0,110.0,32.0,2.0,4,1,0.23,0.0,0.13,0.07,0.0,0.17
432,474,Service,fishing,0.51,6.0,144.0,21.0,2.0,3,1,0.01,0.0,0.01,0.01,0.01,0.21
433,475,Service,dredger,0.85,6.0,128.0,78.0,4.0,4,1,0.05,0.91,0.0,0.0,0.0,0.0
434,476,Cargo,tanker,0.82,9.49,150.0,285.0,9.0,5,1,0.5,0.1,0.0,0.0,0.0,0.05
435,477,Service,dredger,0.81,10.0,198.0,148.0,6.0,4,1,0.03,0.99,0.0,0.0,0.0,0.0
436,478,Service,dredger,0.85,8.0,161.0,111.0,5.0,4,1,0.05,0.3,0.0,0.0,0.0,0.0
437,479,Service,dredger,0.84,12.0,173.0,171.0,5.0,4,1,0.05,0.29,0.0,0.0,0.0,0.0
438,480,Service,tug,0.74,10.0,245.0,33.0,5.0,6,1,0.24,0.14,0.0,0.14,0.18,0.14
439,481,Cargo,containership,0.73,15.0,110.0,285.0,13.0,6,1,0.44,0.0,0.0,0.0,0.0,0.0
440,482,Cargo,bulker,0.76,12.0,66.0,241.0,10.11,6,1,0.2,0.05,0.0,0.0,0.15,0.0
441,483,Service,dredger,0.8,10.0,187.0,137.0,6.0,4,1,0.03,0.98,0.0,0.0,0.0,0.0
442,484,Cargo,bulker,0.77,12.0,68.0,248.0,10.36,4,1,0.21,0.06,0.0,0.0,0.16,0.0
443,485,Service,dredger,0.76,7.0,137.0,87.0,4.0,4,1,0.01,0.98,0.0,0.0,0.0,0.0
444,486,Cargo,tanker,0.78,8.19,140.0,131.0,7.0,4,1,0.43,0.03,0.0,0.0,0.0,0.02
445,487,Cargo,containership,0.74,16.0,108.0,303.0,11.0,6,1,0.46,0.0,0.0,0.0,0.0,0.0
446,488,Cargo,containership,0.71,12.0,53.0,134.0,7.0,6,1,0.32,0.0,0.0,0.0,0.0,0.0
447,489,Service,recreational,0.74,16.0,105.0,31.0,2.0,4,1,0.29,0.0,0.19,0.19,0.0,0.29
448,490,Service,tug,0.79,10.0,250.0,35.0,6.0,6,1,0.29,0.19,0.0,0.19,0.28,0.19
449,491,Service,recreational,0.67,18.0,115.0,33.0,2.0,4,1,0.25,0.0,0.15,0.1,0.0,0.2
450,492,Service,recreational,0.72,15.0,119.0,34.0,2.0,4,1,0.28,0.0,0.18,0.16,0.0,0.26
451,493,Service,recreational,0.73,17.0,108.0,32.0,2.0,4,1,0.29,0.0,0.19,0.18,0.0,0.28
452,494,Service,recreational,0.69,16.0,120.0,35.0,2.0,4,1,0.26,0.0,0.16,0.13,0.0,0.23
453,495,Service,recreational,0.7,16.0,105.0,35.0,2.0,4,1,0.27,0.0,0.17,0.14,0.0,0.24
454,496,Service,fishing,0.65,12.0,186.0,27.0,4.0,5,1,0.07,0.0,0.07,0.07,0.07,0.27
455,497,Cargo,containership,0.71,14.0,58.0,153.0,10.0,6,1,0.35,0.0,0.0,0.0,0.0,0.0
456,498,Service,recreational,0.67,18.0,115.0,33.0,2.0,4,1,0.25,0.0,0.15,0.1,0.0,0.2
457,499,Service,dredger,0.76,6.0,134.0,84.0,4.0,4,1,0.01,0.98,0.0,0.0,0.0,0.0
458,500,Cargo,containership,0.74,15.0,103.0,301.0,13.0,6,1,0.46,0.0,0.0,0.0,0.0,0.0
459,501,Cargo,containership,0.73,14.0,109.0,280.0,10.0,6,1,0.43,0.0,0.0,0.0,0.0,0.0
460,502,Cargo,vehicle_carrier,0.78,20.0,58.0,181.0,6.26,6,1,0.9,0.0,0.15,0.05,0.05,0.0
461,503,Service,fishing,0.53,7.0,150.0,22.0,2.0,3,1,0.02,0.0,0.02,0.02,0.02,0.22
462,504,Service,recreational,0.67,18.0,114.0,33.0,2.0,4,1,0.25,0.0,0.15,0.09,0.0,0.19
463,505,Cargo,bulker,0.73,10.0,54.0,194.0,8.25,4,1,0.13,0.01,0.0,0.0,0.11,0.0
464,506,Cargo,tanker,0.86,10.53,150.0,285.0,9.0,5,1,0.55,0.15,0.0,0.0,0.0,0.08
465,507,Service,tug,0.75,10.0,250.0,33.0,5.0,6,1,0.25,0.15,0.0,0.15,0.2,0.15
466,508,Service,dredger,0.8,10.0,189.0,139.0,6.0,4,1,0.03,0.97,0.0,0.0,0.0,0.0
467,509,Cargo,bulker,0.78,12.0,121.0,265.0,11.02,6,1,0.24,0.07,0.0,0.0,0.17,0.0
468,510,Service,fishing,0.64,9.0,183.0,30.0,4.0,5,1,0.07,0.0,0.07,0.07,0.07,0.27
469,511,Cargo,tanker,0.77,7.93,138.0,126.0,6.0,4,1,0.42,0.02,0.0,0.0,0.0,0.01
470,512,Service,fishing,0.5,5.0,141.0,20.0,2.0,3,1,0.0,0.0,0.0,0.0,0.0,0.2
471,513,Service,dredger,0.75,6.0,122.0,72.0,4.0,4,1,0.0,0.2,0.0,0.0,0.0,0.0
472,514,Cargo,containership,0.72,14.0,100.0,165.0,11.0,6,1,0.37,0.0,0.0,0.0,0.0,0.0
473,515,Cargo,tanker,0.77,8.16,140.0,130.0,7.0,4,1,0.43,0.03,0.0,0.0,0.0,0.02
474,516,Cargo,containership,0.74,13.0,57.0,303.0,9.0,6,1,0.46,0.0,0.0,0.0,0.0,0.0
475,517,Service,dredger,0.83,12.0,175.0,173.0,5.0,4,1,0.04,1.0,0.0,0.0,0.0,0.0
476,518,Cargo,bulker,0.8,11.0,125.0,295.0,12.2,6,1,0.29,0.09,0.0,0.0,0.19,0.0
477,519,Service,dredger,0.81,10.0,197.0,147.0,6.0,4,1,0.03,0.9,0.0,0.0,0.0,0.0
478,520,Cargo,bulker,0.8,10.0,50.0,300.0,12.41,4,1,0.3,0.1,0.0,0.0,0.2,0.0
479,521,Cargo,tanker,0.76,7.9,138.0,126.0,6.0,4,1,0.42,0.02,0.0,0.0,0.0,0.01
480,522,Cargo,tanker,0.76,7.81,137.0,124.0,6.0,4,1,0.42,0.02,0.0,0.0,0.0,0.01
481,523,Service,recreational,0.75,17.0,109.0,35.0,2.0,4,1,0.3,0.0,0.2,0.2,0.0,0.3
482,524,Service,fishing,0.55,8.0,154.0,23.0,2.0,3,1,0.02,0.0,0.02,0.02,0.02,0.22
483,525,Service,recreational,0.72,15.0,117.0,34.0,2.0,4,1,0.28,0.0,0.18,0.17,0.0,0.27
484,526,Service,fishing,0.7,7.0,149.0,22.0,2.0,3,1,0.1,0.0,0.1,0.1,0.1,0.3
485,527,Service,recreational,0.75,18.0,113.0,33.0,2.0,4,1,0.3,0.0,0.2,0.2,0.0,0.3
486,528,Cargo,containership,0.74,12.0,51.0,299.0,6.0,6,1,0.46,0.0,0.0,0.0,0.0,0.0
487,529,Cargo,tanker,0.85,10.1,139.0,129.0,7.0,4,1,0.53,0.13,0.0,0.0,0.0,0.07
488,530,Cargo,bulker,0.79,11.0,60.0,287.0,11.89,6,1,0.28,0.09,0.0,0.0,0.19,0.0
489,531,Service,fishing,0.68,7.0,197.0,30.0,4.0,5,1,0.09,0.0,0.09,0.09,0.09,0.29
490,532,Service,dredger,0.77,7.0,146.0,96.0,4.0,4,1,0.01,0.22,0.0,0.0,0.0,0.0
491,533,Service,fishing,0.58,11.0,164.0,26.0,3.0,4,1,0.04,0.0,0.04,0.04,0.04,0.24
492,534,Cargo,bulker,0.75,11.0,63.0,229.0,9.61,6,1,0.18,0.04,0.0,0.0,0.14,0.0
493,535,Service,recreational,0.62,16.0,104.0,31.0,2.0,4,1,0.21,0.0,0.11,0.03,0.0,0.13
494,536,Service,fishing,0.65,8.0,187.0,23.0,4.0,5,1,0.07,0.0,0.07,0.07,0.07,0.27
495,537,Service,tug,0.77,10.0,248.0,35.0,6.0,6,1,0.27,0.17,0.0,0.17,0.25,0.17
496,538,Cargo,containership,0.71,14.0,58.0,154.0,10.0,6,1,0.35,0.0,0.0,0.0,0.0,0.0
497,539,Cargo,tanker,0.79,8.69,144.0,138.0,8.0,5,1,0.46,0.06,0.0,0.0,0.0,0.03
498,540,Cargo,bulker,0.77,12.0,69.0,253.0,10.57,6,1,0.22,0.06,0.0,0.0,0.16,0.0
499,541,Cargo,tanker,0.8,8.93,146.0,276.0,8.0,5,1,0.47,0.07,0.0,0.0,0.0,0.04
500,542,Service,tug,0.75,10.0,250.0,33.0,5.0,6,1,0.25,0.15,0.0,0.15,0.2,0.15
501,543,Service,fishing,0.67,7.0,193.0,30.0,4.0,5,1,0.08,0.0,0.08,0.08,0.08,0.28
502,544,Service,fishing,0.63,9.0,182.0,30.0,4.0,5,1,0.07,0.0,0.07,0.07,0.07,0.27
503,545,Service,dredger,0.77,7.0,147.0,97.0,4.0,4,1,0.01,0.22,0.0,0.0,0.0,0.0
504,546,Service,tug,0.7,7.0,220.0,30.0,4.0,4,1,0.2,0.1,0.0,0.1,0.1,0.1
505,547,Cargo,bulker,0.72,10.0,51.0,180.0,7.73,4,1,0.11,0.0,0.0,0.0,0.1,0.0
506,548,Service,dredger,0.85,6.0,124.0,74.0,4.0,4,1,0.05,0.3,0.0,0.0,0.0,0.0
507,549,Cargo,containership,0.75,13.0,109.0,317.0,9.0,6,1,0.49,0.0,0.0,0.0,0.0,0.0
508,550,Service,dredger,0.83,12.0,180.0,177.0,5.0,4,1,0.04,0.95,0.0,0.0,0.0,0.0
509,551,Cargo,vehicle_carrier,0.78,20.0,58.0,177.0,6.28,6,1,0.9,0.0,0.15,0.05,0.05,0.0
510,552,Cargo,bulker,0.72,10.0,50.0,177.0,7.61,4,1,0.1,0.0,0.0,0.0,0.1,0.0
511,553,Cargo,vehicle_carrier,0.77,19.0,57.0,185.0,6.18,6,1,0.89,0.0,0.15,0.05,0.05,0.0
512,554,Service,tug,0.75,9.0,252.0,34.0,6.0,6,1,0.25,0.15,0.0,0.15,0.2,0.15
513,555,Service,recreational,0.63,16.0,106.0,31.0,2.0,4,1,0.22,0.0,0.12,0.04,0.0,0.14
514,556,Cargo,vehicle_carrier,0.78,19.0,57.0,185.0,6.72,6,1,0.94,0.0,0.17,0.07,0.07,0.0
515,557,Cargo,containership,0.7,12.0,50.0,123.0,6.0,6,1,0.3,0.0,0.0,0.0,0.0,0.0
516,558,Service,dredger,0.85,9.0,169.0,119.0,5.0,4,1,0.05,0.3,0.0,0.0,0.0,0.0
517,559,Service,recreational,0.6,15.0,100.0,30.0,2.0,4,1,0.2,0.0,0.1,0.0,0.0,0.1
518,560,Service,dredger,0.83,12.0,125.0,167.0,6.0,4,1,0.04,0.9,0.0,0.0,0.0,0.0
519,561,Cargo,vehicle_carrier,0.78,20.0,59.0,176.0,6.48,6,1,0.92,0.0,0.16,0.06,0.06,0.0
520,562,Service,dredger,0.82,11.0,167.0,164.0,6.0,4,1,0.04,0.27,0.0,0.0,0.0,0.0
521,563,Service,tug,0.75,9.0,253.0,34.0,6.0,6,1,0.25,0.15,0.0,0.15,0.2,0.15
522,564,Service,recreational,0.74,17.0,109.0,32.0,2.0,4,1,0.29,0.0,0.19,0.19,0.0,0.29
523,565,Service,tug,0.79,10.0,260.0,35.0,6.0,6,1,0.29,0.19,0.0,0.19,0.29,0.19
524,566,Cargo,vehicle_carrier,0.79,19.0,57.0,185.0,6.99,6,1,0.96,0.0,0.18,0.08,0.08,0.0
525,567,Service,tug,0.71,8.0,229.0,31.0,4.0,4,1,0.21,0.11,0.0,0.11,0.13,0.11
526,568,Cargo,containership,0.71,12.0,53.0,133.0,7.0,6,1,0.32,0.0,0.0,0.0,0.0,0.0
527,569,Cargo,vehicle_carrier,0.78,20.0,59.0,171.0,6.55,6,1,0.92,0.0,0.16,0.06,0.06,0.0
528,570,Cargo,vehicle_carrier,0.75,16.0,51.0,172.0,5.19,6,1,0.82,0.0,0.11,0.01,0.01,0.0
529,571,Cargo,vehicle_carrier,0.76,17.0,52.0,174.0,5.38,6,1,0.83,0.0,0.12,0.02,0.02,0.0
530,572,Cargo,bulker,0.8,10.0,56.0,295.0,12.23,4,1,0.29,0.09,0.0,0.0,0.19,0.0
531,573,Service,dredger,0.82,11.0,153.0,159.0,6.0,4,1,0.03,0.97,0.0,0.0,0.0,0.0
532,574,Cargo,bulker,0.74,11.0,59.0,214.0,9.06,6,1,0.16,0.03,0.0,0.0,0.13,0.0
533,575,Cargo,bulker,0.74,11.0,59.0,214.0,9.02,6,1,0.16,0.03,0.0,0.0,0.13,0.0
534,576,Cargo,containership,0.74,16.0,110.0,296.0,13.0,6,1,0.45,0.0,0.0,0.0,0.0,0.0
535,577,Service,recreational,0.66,18.0,112.0,33.0,2.0,4,1,0.24,0.0,0.14,0.08,0.0,0.18
536,578,Service,dredger,0.83,12.0,157.0,167.0,5.0,4,1,0.04,0.92,0.0,0.0,0.0,0.0
537,579,Service,tug,0.73,9.0,240.0,32.0,5.0,6,1,0.23,0.13,0.0,0.13,0.16,0.13
538,580,Service,fishing,0.6,9.0,173.0,28.0,4.0,5,1,0.05,0.0,0.05,0.05,0.05,0.25
539,581,Cargo,vehicle_carrier,0.79,16.0,50.0,170.0,6.78,6,1,0.94,0.0,0.17,0.07,0.07,0.0
540,582,Service,tug,0.72,8.0,233.0,31.0,4.0,4,1,0.22,0.12,0.0,0.12,0.14,0.12
541,583,Cargo,vehicle_carrier,0.78,20.0,58.0,173.0,6.34,6,1,0.91,0.0,0.15,0.05,0.05,0.0
542,584,Cargo,containership,0.73,16.0,108.0,196.0,10.0,6,1,0.42,0.0,0.0,0.0,0.0,0.0
543,585,Cargo,vehicle_carrier,0.75,16.0,50.0,171.0,5.16,6,1,0.81,0.0,0.11,0.01,0.01,0.0
544,586,Cargo,bulker,0.78,12.0,122.0,269.0,11.19,6,1,0.25,0.07,0.0,0.0,0.17,0.0
545,587,Service,dredger,0.84,11.0,161.0,160.0,6.0,4,1,0.04,0.98,0.0,0.0,0.0,0.0
546,588,Service,fishing,0.65,11.0,186.0,26.0,4.0,5,1,0.07,0.0,0.07,0.07,0.07,0.27
547,589,Cargo,tanker,0.77,7.98,138.0,127.0,6.0,4,1,0.42,0.02,0.0,0.0,0.0,0.01
548,590,Cargo,vehicle_carrier,0.75,16.0,50.0,170.0,5.06,6,1,0.81,0.0,0.1,0.0,0.0,0.0
549,591,Service,tug,0.75,10.0,255.0,34.0,6.0,6,1,0.25,0.15,0.0,0.15,0.21,0.15
550,592,Cargo,bulker,0.73,10.0,52.0,184.0,7.86,4,1,0.11,0.01,0.0,0.0,0.11,0.0
551,593,Cargo,tanker,0.89,11.19,145.0,140.0,8.0,5,1,0.58,0.18,0.0,0.0,0.0,0.09
552,594,Service,fishing,0.53,7.0,148.0,22.0,2.0,3,1,0.01,0.0,0.01,0.01,0.01,0.21
553,595,Cargo,tanker,0.9,11.48,146.0,276.0,8.0,5,1,0.6,0.2,0.0,0.0,0.0,0.1
554,596,Cargo,bulker,0.75,11.0,62.0,226.0,9.52,6,1,0.18,0.04,0.0,0.0,0.14,0.0
555,597,Service,dredger,0.76,6.0,132.0,82.0,4.0,4,1,0.01,0.92,0.0,0.0,0.0,0.0
556,598,Service,dredger,0.84,12.0,132.0,178.0,4.0,4,1,0.04,0.91,0.0,0.0,0.0,0.0
557,599,Service,recreational,0.71,15.0,101.0,35.0,2.0,4,1,0.27,0.0,0.17,0.14,0.0,0.24
558,600,Service,dredger,0.84,8.0,153.0,103.0,5.0,4,1,0.05,0.93,0.0,0.0,0.0,0.0
559,601,Service,recreational,0.63,16.0,106.0,31.0,2.0,4,1,0.22,0.0,0.12,0.04,0.0,0.14
560,602,Cargo,tanker,0.81,9.11,147.0,279.0,9.0,5,1,0.48,0.08,0.0,0.0,0.0,0.04
561,603,Cargo,containership,0.71,13.0,55.0,141.0,8.0,6,1,0.33,0.0,0.0,0.0,0.0,0.0
562,604,Service,tug,0.71,7.0,224.0,30.0,4.0,4,1,0.21,0.11,0.0,0.11,0.11,0.11
563,605,Service,tug,0.72,8.0,231.0,31.0,4.0,4,1,0.22,0.12,0.0,0.12,0.13,0.12
564,606,Cargo,tanker,0.86,10.44,136.0,123.0,6.0,4,1,0.55,0.15,0.0,0.0,0.0,0.07
565,607,Cargo,vehicle_carrier,0.78,16.0,51.0,172.0,6.74,6,1,0.94,0.0,0.17,0.07,0.07,0.0
566,608,Cargo,vehicle_carrier,0.76,17.0,52.0,174.0,5.33,6,1,0.83,0.0,0.11,0.01,0.01,0.0
567,609,Service,dredger,0.81,11.0,200.0,150.0,6.0,4,1,0.03,0.26,0.0,0.0,0.0,0.0
568,610,Service,tug,0.74,10.0,248.0,33.0,5.0,6,1,0.24,0.14,0.0,0.14,0.19,0.14
569,611,Service,tug,0.75,9.0,254.0,34.0,6.0,6,1,0.25,0.15,0.0,0.15,0.21,0.15
570,612,Service,recreational,0.72,16.0,107.0,31.0,2.0,4,1,0.28,0.0,0.18,0.17,0.0,0.27
571,613,Cargo,containership,0.71,14.0,58.0,155.0,10.0,6,1,0.36,0.0,0.0,0.0,0.0,0.0
572,614,Cargo,bulker,0.74,11.0,58.0,207.0,8.77,6,1,0.15,0.03,0.0,0.0,0.13,0.0
573,615,Cargo,vehicle_carrier,0.76,17.0,53.0,177.0,5.58,6,1,0.85,0.0,0.12,0.02,0.02,0.0
574,616,Service,tug,0.7,7.0,221.0,30.0,4.0,4,1,0.2,0.1,0.0,0.1,0.11,0.1
575,617,Service,recreational,0.7,18.0,115.0,35.0,2.0,4,1,0.27,0.0,0.17,0.14,0.0,0.24
576,618,Service,fishing,0.59,12.0,169.0,27.0,3.0,4,1,0.05,0.0,0.05,0.05,0.05,0.25
577,619,Service,recreational,0.68,15.0,116.0,34.0,2.0,4,1,0.25,0.0,0.15,0.1,0.0,0.2
578,620,Cargo,vehicle_carrier,0.76,17.0,53.0,177.0,5.56,6,1,0.84,0.0,0.12,0.02,0.02,0.0
579,621,Cargo,vehicle_carrier,0.77,18.0,55.0,180.0,5.79,6,1,0.86,0.0,0.13,0.03,0.03,0.0
580,622,Service,recreational,0.64,17.0,109.0,32.0,2.0,4,1,0.23,0.0,0.13,0.06,0.0,0.16
581,623,Cargo,bulker,0.72,10.0,51.0,180.0,7.73,4,1,0.11,0.0,0.0,0.0,0.1,0.0
582,624,Cargo,tanker,0.78,8.26,141.0,132.0,7.0,4,1,0.44,0.04,0.0,0.0,0.0,0.02
583,625,Cargo,vehicle_carrier,0.8,19.0,56.0,183.0,7.5,6,1,1.0,0.0,0.2,0.1,0.1,0.0
584,626,Service,recreational,0.65,17.0,111.0,32.0,2.0,4,1,0.24,0.0,0.14,0.07,0.0,0.17
585,627,Service,tug,0.79,9.0,236.0,32.0,5.0,6,1,0.29,0.19,0.0,0.19,0.29,0.19
586,628,Service,recreational,0.73,18.0,112.0,33.0,2.0,4,1,0.29,0.0,0.19,0.18,0.0,0.28
587,629,Cargo,containership,0.7,12.0,51.0,126.0,6.0,6,1,0.31,0.0,0.0,0.0,0.0,0.0
588,630,Cargo,tanker,0.9,11.48,149.0,283.0,9.0,5,1,0.6,0.2,0.0,0.0,0.0,0.1
589,631,Service,fishing,0.66,9.0,190.0,24.0,3.0,4,1,0.08,0.0,0.08,0.08,0.08,0.28
590,632,Cargo,bulker,0.75,11.0,61.0,221.0,9.34,6,1,0.17,0.04,0.0,0.0,0.14,0.0
591,633,Service,dredger,0.75,6.0,125.0,75.0,4.0,4,1,0.0,0.2,0.0,0.0,0.0,0.0
592,634,Service,fishing,0.53,7.0,148.0,22.0,2.0,3,1,0.01,0.0,0.01,0.01,0.01,0.21
593,635,Cargo,tanker,0.8,8.88,146.0,276.0,8.0,5,1,0.47,0.07,0.0,0.0,0.0,0.03
594,636,Cargo,tanker,0.78,8.3,141.0,132.0,7.0,4,1,0.44,0.04,0.0,0.0,0.0,0.02
595,637,Cargo,tanker,0.82,9.46,150.0,285.0,9.0,5,1,0.5,0.1,0.0,0.0,0.0,0.05
596,638,Service,fishing,0.63,8.0,180.0,30.0,4.0,5,1,0.06,0.0,0.06,0.06,0.06,0.26
597,639,Service,tug,0.77,10.0,259.0,35.0,6.0,6,1,0.27,0.17,0.0,0.17,0.24,0.17
598,640,Cargo,tanker,0.75,7.57,135.0,121.0,6.0,4,1,0.4,0.0,0.0,0.0,0.0,0.0
599,641,Service,recreational,0.66,18.0,112.0,33.0,2.0,4,1,0.24,0.0,0.14,0.08,0.0,0.18
600,642,Service,fishing,0.63,9.0,182.0,30.0,4.0,5,1,0.07,0.0,0.07,0.07,0.07,0.27
601,643,Service,dredger,0.81,10.0,190.0,140.0,6.0,4,1,0.03,0.94,0.0,0.0,0.0,0.0
602,644,Cargo,tanker,0.82,9.44,150.0,285.0,9.0,5,1,0.5,0.1,0.0,0.0,0.0,0.05
603,645,Service,recreational,0.63,16.0,106.0,31.0,2.0,4,1,0.22,0.0,0.12,0.04,0.0,0.14
604,646,Service,tug,0.76,9.0,256.0,34.0,6.0,6,1,0.26,0.16,0.0,0.16,0.21,0.16
605,647,Cargo,containership,0.75,16.0,110.0,314.0,11.0,6,1,0.48,0.0,0.0,0.0,0.0,0.0
606,648,Service,tug,0.76,8.0,231.0,35.0,6.0,4,1,0.26,0.16,0.0,0.16,0.23,0.16
607,649,Service,dredger,0.79,8.0,165.0,115.0,5.0,4,1,0.02,0.92,0.0,0.0,0.0,0.0
608,650,Cargo,tanker,0.8,8.76,145.0,140.0,8.0,5,1,0.46,0.06,0.0,0.0,0.0,0.03
609,651,Service,dredger,0.75,6.0,125.0,75.0,4.0,4,1,0.0,0.2,0.0,0.0,0.0,0.0
610,652,Service,fishing,0.53,7.0,149.0,22.0,2.0,3,1,0.01,0.0,0.01,0.01,0.01,0.21
611,653,Cargo,vehicle_carrier,0.79,19.0,57.0,185.0,6.85,6,1,0.95,0.0,0.17,0.07,0.07,0.0
612,654,Cargo,tanker,0.85,10.14,147.0,278.0,10.0,5,1,0.53,0.13,0.0,0.0,0.0,0.07
613,655,Cargo,vehicle_carrier,0.79,16.0,50.0,171.0,7.05,6,1,0.96,0.0,0.18,0.08,0.08,0.0
614,656,Service,recreational,0.7,18.0,114.0,35.0,2.0,4,1,0.27,0.0,0.17,0.13,0.0,0.23
615,657,Cargo,containership,0.73,16.0,108.0,196.0,11.0,6,1,0.42,0.0,0.0,0.0,0.0,0.0
616,658,Cargo,bulker,0.73,10.0,54.0,194.0,8.26,4,1,0.13,0.02,0.0,0.0,0.12,0.0
617,659,Service,dredger,0.82,11.0,157.0,162.0,6.0,4,1,0.04,0.27,0.0,0.0,0.0,0.0
618,660,Service,tug,0.7,7.0,221.0,30.0,4.0,4,1,0.2,0.1,0.0,0.1,0.1,0.1
619,661,Cargo,containership,0.75,13.0,55.0,317.0,8.0,6,1,0.49,0.0,0.0,0.0,0.0,0.0
620,662,Cargo,tanker,0.85,10.04,138.0,127.0,6.0,4,1,0.53,0.13,0.0,0.0,0.0,0.06
621,663,Cargo,vehicle_carrier,0.79,20.0,59.0,173.0,7.22,6,1,0.98,0.0,0.19,0.09,0.09,0.0
622,664,Service,tug,0.78,10.0,252.0,35.0,6.0,6,1,0.28,0.18,0.0,0.18,0.26,0.18
623,665,Cargo,vehicle_carrier,0.78,20.0,58.0,177.0,6.3,6,1,0.9,0.0,0.15,0.05,0.05,0.0
624,666,Service,fishing,0.59,12.0,169.0,27.0,3.0,4,1,0.05,0.0,0.05,0.05,0.05,0.25
625,667,Cargo,vehicle_carrier,0.76,16.0,51.0,173.0,5.26,6,1,0.82,0.0,0.11,0.01,0.01,0.0
626,668,Service,fishing,0.59,12.0,169.0,27.0,3.0,4,1,0.05,0.0,0.05,0.05,0.05,0.25
627,669,Service,recreational,0.65,17.0,109.0,32.0,2.0,4,1,0.23,0.0,0.13,0.06,0.0,0.16
628,670,Service,tug,0.76,9.0,256.0,34.0,6.0,6,1,0.26,0.16,0.0,0.16,0.21,0.16
629,671,Service,tug,0.78,8.0,257.0,34.0,6.0,4,1,0.28,0.18,0.0,0.18,0.26,0.18
630,672,Cargo,bulker,0.72,10.0,50.0,177.0,7.59,4,1,0.1,0.0,0.0,0.0,0.1,0.0
631,673,Cargo,tanker,0.83,9.62,146.0,276.0,10.0,5,1,0.51,0.11,0.0,0.0,0.0,0.05
632,674,Service,fishing,0.58,11.0,165.0,26.0,3.0,4,1,0.04,0.0,0.04,0.04,0.04,0.24
633,675,Cargo,bulker,0.74,10.0,56.0,201.0,8.53,4,1,0.14,0.02,0.0,0.0,0.12,0.0
634,676,Cargo,vehicle_carrier,0.75,16.0,50.0,170.0,5.08,6,1,0.81,0.0,0.1,0.0,0.0,0.0
635,677,Cargo,vehicle_carrier,0.78,16.0,60.0,172.0,6.57,6,1,0.93,0.0,0.16,0.06,0.06,0.0
636,678,Cargo,bulker,0.73,10.0,53.0,189.0,8.05,4,1,0.12,0.01,0.0,0.0,0.11,0.0
637,679,Service,tug,0.79,10.0,258.0,35.0,6.0,6,1,0.29,0.19,0.0,0.19,0.28,0.19
638,680,Cargo,vehicle_carrier,0.78,20.0,59.0,185.0,6.53,6,1,0.92,0.0,0.16,0.06,0.06,0.0
639,681,Service,dredger,0.79,9.0,172.0,122.0,5.0,4,1,0.02,0.93,0.0,0.0,0.0,0.0
640,682,Service,recreational,0.68,16.0,116.0,34.0,2.0,4,1,0.25,0.0,0.15,0.11,0.0,0.21
641,683,Service,recreational,0.66,18.0,112.0,33.0,2.0,4,1,0.24,0.0,0.14,0.08,0.0,0.18
642,684,Service,dredger,0.79,9.0,169.0,119.0,5.0,4,1,0.02,0.96,0.0,0.0,0.0,0.0
643,685,Cargo,bulker,0.74,11.0,59.0,213.0,8.99,6,1,0.16,0.03,0.0,0.0,0.13,0.0
644,686,Service,dredger,0.85,10.0,187.0,137.0,6.0,4,1,0.05,0.95,0.0,0.0,0.0,0.0
645,687,Service,fishing,0.58,11.0,165.0,26.0,3.0,4,1,0.04,0.0,0.04,0.04,0.04,0.24
646,688,Service,fishing,0.66,9.0,191.0,24.0,4.0,5,1,0.08,0.0,0.08,0.08,0.08,0.28
647,689,Cargo,bulker,0.77,12.0,69.0,252.0,10.54,4,1,0.22,0.06,0.0,0.0,0.16,0.0
648,690,Service,dredger,0.78,8.0,161.0,111.0,5.0,4,1,0.02,0.23,0.0,0.0,0.0,0.0
649,691,Service,fishing,0.64,7.0,184.0,22.0,4.0,5,1,0.07,0.0,0.07,0.07,0.07,0.27
650,692,Service,tug,0.79,7.0,221.0,30.0,4.0,4,1,0.29,0.19,0.0,0.19,0.27,0.19
651,693,Service,dredger,0.8,9.0,181.0,131.0,5.0,4,1,0.02,0.96,0.0,0.0,0.0,0.0
652,694,Service,tug,0.77,10.0,250.0,35.0,6.0,6,1,0.27,0.17,0.0,0.17,0.24,0.17
653,695,Service,fishing,0.57,10.0,161.0,25.0,3.0,4,1,0.03,0.0,0.03,0.03,0.03,0.23
654,696,Service,recreational,0.63,16.0,105.0,31.0,2.0,4,1,0.22,0.0,0.12,0.03,0.0,0.13
655,697,Service,fishing,0.53,7.0,148.0,22.0,2.0,3,1,0.01,0.0,0.01,0.01,0.01,0.21
656,698,Service,tug,0.79,9.0,243.0,32.0,5.0,6,1,0.29,0.19,0.0,0.19,0.27,0.19
657,699,Cargo,containership,0.72,14.0,100.0,166.0,11.0,6,1,0.37,0.0,0.0,0.0,0.0,0.0
658,700,Cargo,tanker,0.77,8.16,140.0,130.0,7.0,4,1,0.43,0.03,0.0,0.0,0.0,0.02
659,701,Cargo,vehicle_carrier,0.79,18.0,54.0,178.0,6.87,6,1,0.95,0.0,0.17,0.07,0.07,0.0
660,702,Service,dredger,0.83,12.0,133.0,167.0,4.0,4,1,0.04,0.28,0.0,0.0,0.0,0.0
661,703,Cargo,containership,0.7,12.0,51.0,126.0,6.0,6,1,0.31,0.0,0.0,0.0,0.0,0.0
662,704,Service,fishing,0.67,10.0,193.0,29.0,4.0,5,1,0.08,0.0,0.08,0.08,0.08,0.28
663,705,Service,recreational,0.72,17.0,108.0,32.0,2.0,4,1,0.28,0.0,0.18,0.16,0.0,0.26
664,706,Cargo,bulker,0.77,12.0,69.0,254.0,10.62,6,1,0.22,0.06,0.0,0.0,0.16,0.0
665,707,Service,fishing,0.5,5.0,141.0,20.0,2.0,3,1,0.0,0.0,0.0,0.0,0.0,0.2
666,708,Service,recreational,0.62,15.0,103.0,30.0,2.0,4,1,0.21,0.0,0.11,0.02,0.0,0.12
667,709,Cargo,tanker,0.83,9.64,143.0,137.0,10.0,5,1,0.51,0.11,0.0,0.0,0.0,0.05
668,710,Service,fishing,0.58,11.0,164.0,26.0,3.0,4,1,0.04,0.0,0.04,0.04,0.04,0.24
669,711,Service,tug,0.76,10.0,259.0,34.0,6.0,6,1,0.26,0.16,0.0,0.16,0.22,0.16
670,712,Cargo,bulker,0.74,11.0,59.0,212.0,8.96,6,1,0.16,0.03,0.0,0.0,0.13,0.0
671,713,Service,recreational,0.66,18.0,112.0,33.0,2.0,4,1,0.24,0.0,0.14,0.08,0.0,0.18
672,714,Service,recreational,0.72,15.0,103.0,30.0,2.0,4,1,0.28,0.0,0.18,0.15,0.0,0.25
673,715,Service,recreational,0.68,15.0,116.0,34.0,2.0,4,1,0.25,0.0,0.15,0.1,0.0,0.2
674,716,Cargo,tanker,0.77,8.15,140.0,130.0,7.0,4,1,0.43,0.03,0.0,0.0,0.0,0.02
675,717,Service,fishing,0.55,8.0,155.0,23.0,2.0,3,1,0.02,0.0,0.02,0.02,0.02,0.22
676,718,Cargo,tanker,0.79,8.54,143.0,136.0,8.0,5,1,0.45,0.05,0.0,0.0,0.0,0.03
677,719,Service,dredger,0.78,8.0,155.0,105.0,5.0,4,1,0.01,0.23,0.0,0.0,0.0,0.0
678,720,Cargo,vehicle_carrier,0.79,17.0,52.0,174.0,6.87,6,1,0.95,0.0,0.17,0.07,0.07,0.0
679,721,Cargo,vehicle_carrier,0.76,17.0,52.0,174.0,5.38,6,1,0.83,0.0,0.12,0.02,0.02,0.0
680,722,Service,dredger,0.81,10.0,198.0,148.0,6.0,4,1,0.03,0.92,0.0,0.0,0.0,0.0
681,723,Service,fishing,0.61,7.0,174.0,28.0,4.0,5,1,0.05,0.0,0.05,0.05,0.05,0.25
682,724,Service,tug,0.79,9.0,238.0,35.0,6.0,6,1,0.29,0.19,0.0,0.19,0.28,0.19
683,725,Cargo,tanker,0.76,7.84,137.0,125.0,6.0,4,1,0.42,0.02,0.0,0.0,0.0,0.01
684,726,Cargo,bulker,0.74,11.0,58.0,208.0,8.82,6,1,0.15,0.03,0.0,0.0,0.13,0.0
685,727,Service,recreational,0.73,16.0,116.0,34.0,2.0,4,1,0.29,0.0,0.19,0.18,0.0,0.28
686,728,Service,recreational,0.74,15.0,101.0,30.0,2.0,4,1,0.29,0.0,0.19,0.18,0.0,0.28
687,729,Service,fishing,0.64,10.0,184.0,25.0,4.0,5,1,0.07,0.0,0.07,0.07,0.07,0.27
688,730,Service,tug,0.73,9.0,239.0,32.0,5.0,6,1,0.23,0.13,0.0,0.13,0.16,0.13
689,731,Cargo,vehicle_carrier,0.79,16.0,51.0,172.0,6.81,6,1,0.94,0.0,0.17,0.07,0.07,0.0
690,732,Cargo,vehicle_carrier,0.78,16.0,60.0,173.0,6.66,6,1,0.93,0.0,0.17,0.07,0.07,0.0
691,733,Service,recreational,0.66,18.0,113.0,33.0,2.0,4,1,0.24,0.0,0.14,0.08,0.0,0.18
692,734,Service,fishing,0.64,10.0,183.0,30.0,4.0,5,1,0.07,0.0,0.07,0.07,0.07,0.27
693,735,Cargo,tanker,0.81,9.2,148.0,281.0,9.0,5,1,0.49,0.09,0.0,0.0,0.0,0.04
694,736,Cargo,vehicle_carrier,0.76,18.0,54.0,178.0,5.63,6,1,0.85,0.0,0.13,0.03,0.03,0.0
695,737,Cargo,tanker,0.75,7.51,135.0,120.0,6.0,4,1,0.4,0.0,0.0,0.0,0.0,0.0
696,738,Service,tug,0.79,8.0,230.0,31.0,4.0,4,1,0.29,0.19,0.0,0.19,0.27,0.19
697,739,Cargo,vehicle_carrier,0.76,17.0,53.0,176.0,5.49,6,1,0.84,0.0,0.12,0.02,0.02,0.0
698,740,Cargo,vehicle_carrier,0.78,20.0,59.0,171.0,6.44,6,1,0.91,0.0,0.16,0.06,0.06,0.0
699,741,Cargo,containership,0.71,13.0,57.0,148.0,9.0,6,1,0.34,0.0,0.0,0.0,0.0,0.0
700,742,Cargo,vehicle_carrier,0.77,19.0,56.0,183.0,6.04,6,1,0.88,0.0,0.14,0.04,0.04,0.0
701,743,Service,dredger,0.82,11.0,156.0,159.0,6.0,4,1,0.04,0.27,0.0,0.0,0.0,0.0
702,744,Cargo,bulker,0.74,11.0,59.0,214.0,9.04,6,1,0.16,0.03,0.0,0.0,0.13,0.0
703,745,Service,dredger,0.77,7.0,148.0,98.0,4.0,4,1,0.01,0.97,0.0,0.0,0.0,0.0
704,746,Service,fishing,0.58,11.0,167.0,26.0,3.0,4,1,0.04,0.0,0.04,0.04,0.04,0.24
705,747,Service,fishing,0.56,9.0,159.0,24.0,3.0,4,1,0.03,0.0,0.03,0.03,0.03,0.23
706,748,Cargo,tanker,0.76,7.79,137.0,124.0,6.0,4,1,0.41,0.01,0.0,0.0,0.0,0.01
707,749,Service,dredger,0.83,12.0,178.0,167.0,5.0,4,1,0.04,0.97,0.0,0.0,0.0,0.0
708,750,Service,dredger,0.78,8.0,161.0,111.0,5.0,4,1,0.02,0.23,0.0,0.0,0.0,0.0
709,751,Service,dredger,0.83,12.0,186.0,166.0,6.0,4,1,0.04,0.95,0.0,0.0,0.0,0.0
710,752,Service,tug,0.75,7.0,253.0,34.0,6.0,4,1,0.25,0.15,0.0,0.15,0.2,0.15
711,753,Cargo,vehicle_carrier,0.79,18.0,55.0,181.0,6.91,6,1,0.95,0.0,0.18,0.08,0.08,0.0
712,754,Cargo,bulker,0.73,10.0,55.0,197.0,8.4,4,1,0.14,0.02,0.0,0.0,0.12,0.0
713,755,Cargo,tanker,0.88,10.99,147.0,279.0,10.0,5,1,0.57,0.17,0.0,0.0,0.0,0.09
714,756,Service,dredger,0.8,9.0,178.0,128.0,5.0,4,1,0.02,0.93,0.0,0.0,0.0,0.0
715,757,Service,dredger,0.79,9.0,170.0,120.0,5.0,4,1,0.02,0.24,0.0,0.0,0.0,0.0
716,758,Cargo,containership,0.72,14.0,60.0,162.0,11.0,6,1,0.37,0.0,0.0,0.0,0.0,0.0
717,759,Cargo,tanker,0.76,7.74,136.0,123.0,6.0,4,1,0.41,0.01,0.0,0.0,0.0,0.01
718,760,Service,dredger,0.76,7.0,137.0,87.0,4.0,4,1,0.01,0.21,0.0,0.0,0.0,0.0
719,761,Cargo,tanker,0.78,8.4,142.0,134.0,7.0,4,1,0.45,0.05,0.0,0.0,0.0,0.02
720,762,Cargo,vehicle_carrier,0.8,18.0,60.0,181.0,7.4,6,1,0.99,0.0,0.2,0.1,0.1,0.0
721,763,Cargo,containership,0.73,16.0,108.0,199.0,6.0,6,1,0.42,0.0,0.0,0.0,0.0,0.0
722,764,Cargo,tanker,0.9,11.49,140.0,130.0,7.0,4,1,0.6,0.2,0.0,0.0,0.0,0.1
723,765,Cargo,bulker,0.72,10.0,51.0,179.0,7.67,4,1,0.11,0.0,0.0,0.0,0.1,0.0
724,766,Cargo,bulker,0.74,11.0,58.0,210.0,8.89,6,1,0.16,0.03,0.0,0.0,0.13,0.0
725,767,Service,fishing,0.67,6.0,193.0,21.0,4.0,5,1,0.08,0.0,0.08,0.08,0.08,0.28
726,768,Cargo,containership,0.7,12.0,52.0,131.0,7.0,6,1,0.32,0.0,0.0,0.0,0.0,0.0
727,769,Cargo,containership,0.7,12.0,50.0,121.0,6.0,6,1,0.3,0.0,0.0,0.0,0.0,0.0
728,770,Service,fishing,0.58,11.0,164.0,26.0,3.0,4,1,0.04,0.0,0.04,0.04,0.04,0.24
729,771,Cargo,tanker,0.9,11.39,147.0,278.0,9.0,5,1,0.59,0.19,0.0,0.0,0.0,0.1
730,772,Cargo,containership,0.71,12.0,53.0,133.0,7.0,6,1,0.32,0.0,0.0,0.0,0.0,0.0
731,773,Cargo,bulker,0.73,10.0,55.0,197.0,8.36,4,1,0.13,0.02,0.0,0.0,0.12,0.0
732,774,Cargo,bulker,0.74,11.0,59.0,213.0,9.01,6,1,0.16,0.03,0.0,0.0,0.13,0.0
733,775,Service,dredger,0.8,9.0,182.0,132.0,5.0,4,1,0.02,0.25,0.0,0.0,0.0,0.0
734,776,Cargo,vehicle_carrier,0.77,19.0,57.0,184.0,6.13,6,1,0.89,0.0,0.15,0.05,0.05,0.0
735,777,Cargo,containership,0.71,13.0,57.0,149.0,9.0,6,1,0.35,0.0,0.0,0.0,0.0,0.0
736,778,Cargo,tanker,0.76,7.67,136.0,122.0,6.0,4,1,0.41,0.01,0.0,0.0,0.0,0.0
737,779,Service,fishing,0.61,7.0,176.0,29.0,4.0,5,1,0.06,0.0,0.06,0.06,0.06,0.26
738,780,Service,fishing,0.54,8.0,152.0,23.0,2.0,3,1,0.02,0.0,0.02,0.02,0.02,0.22
739,781,Cargo,tanker,0.78,8.35,141.0,133.0,7.0,4,1,0.44,0.04,0.0,0.0,0.0,0.02
740,782,Service,tug,0.77,7.0,227.0,35.0,6.0,4,1,0.27,0.17,0.0,0.17,0.23,0.17
741,783,Service,recreational,0.68,16.0,117.0,34.0,2.0,4,1,0.25,0.0,0.15,0.11,0.0,0.21
742,784,Cargo,vehicle_carrier,0.77,19.0,56.0,183.0,6.08,6,1,0.89,0.0,0.14,0.04,0.04,0.0
743,785,Service,fishing,0.6,6.0,172.0,28.0,4.0,5,1,0.05,0.0,0.05,0.05,0.05,0.25
744,786,Cargo,containership,0.74,14.0,100.0,302.0,11.0,6,1,0.46,0.0,0.0,0.0,0.0,0.0
745,787,Cargo,vehicle_carrier,0.77,18.0,54.0,179.0,5.77,6,1,0.86,0.0,0.13,0.03,0.03,0.0
746,788,Cargo,containership,0.73,16.0,107.0,195.0,13.0,6,1,0.42,0.0,0.0,0.0,0.0,0.0
747,789,Service,tug,0.75,10.0,250.0,33.0,5.0,6,1,0.25,0.15,0.0,0.15,0.2,0.15
748,790,Cargo,bulker,0.77,12.0,70.0,256.0,10.7,6,1,0.23,0.06,0.0,0.0,0.16,0.0
749,791,Cargo,vehicle_carrier,0.78,17.0,60.0,176.0,6.69,6,1,0.94,0.0,0.17,0.07,0.07,0.0
750,792,Service,dredger,0.81,10.0,193.0,143.0,6.0,4,1,0.03,0.95,0.0,0.0,0.0,0.0
751,793,Service,fishing,0.66,9.0,191.0,29.0,4.0,5,1,0.08,0.0,0.08,0.08,0.08,0.28
752,794,Cargo,vehicle_carrier,0.77,18.0,54.0,179.0,5.77,6,1,0.86,0.0,0.13,0.03,0.03,0.0
753,795,Cargo,vehicle_carrier,0.77,19.0,56.0,182.0,6.0,6,1,0.88,0.0,0.14,0.04,0.04,0.0
754,796,Cargo,vehicle_carrier,0.78,20.0,58.0,184.0,6.4,6,1,0.91,0.0,0.16,0.06,0.06,0.0
755,797,Service,recreational,0.74,18.0,119.0,34.0,2.0,4,1,0.29,0.0,0.19,0.18,0.0,0.28
756,798,Cargo,vehicle_carrier,0.77,19.0,56.0,183.0,6.03,6,1,0.88,0.0,0.14,0.04,0.04,0.0
757,799,Cargo,containership,0.74,13.0,56.0,310.0,9.0,6,1,0.47,0.0,0.0,0.0,0.0,0.0
758,800,Cargo,bulker,0.77,12.0,120.0,260.0,10.86,6,1,0.23,0.07,0.0,0.0,0.17,0.0
759,801,Service,tug,0.71,7.0,226.0,30.0,4.0,4,1,0.21,0.11,0.0,0.11,0.12,0.11
760,802,Cargo,tanker,0.83,9.69,139.0,129.0,10.0,4,1,0.51,0.11,0.0,0.0,0.0,0.05
761,803,Cargo,vehicle_carrier,0.76,16.0,51.0,173.0,5.27,6,1,0.82,0.0,0.11,0.01,0.01,0.0
762,804,Service,fishing,0.6,12.0,170.0,27.0,3.0,4,1,0.05,0.0,0.05,0.05,0.05,0.25
763,805,Cargo,vehicle_carrier,0.77,19.0,57.0,185.0,6.24,6,1,0.9,0.0,0.15,0.05,0.05,0.0
764,806,Service,fishing,0.68,12.0,199.0,27.0,3.0,4,1,0.09,0.0,0.09,0.09,0.09,0.29
765,807,Cargo,containership,0.72,14.0,100.0,167.0,11.0,6,1,0.37,0.0,0.0,0.0,0.0,0.0
766,808,Service,fishing,0.57,10.0,163.0,25.0,3.0,4,1,0.04,0.0,0.04,0.04,0.04,0.24
767,809,Service,dredger,0.76,6.0,126.0,76.0,4.0,4,1,0.0,0.94,0.0,0.0,0.0,0.0
768,810,Cargo,tanker,0.86,10.36,149.0,283.0,10.0,5,1,0.54,0.14,0.0,0.0,0.0,0.07
769,811,Cargo,bulker,0.73,10.0,52.0,186.0,7.96,4,1,0.12,0.01,0.0,0.0,0.11,0.0
770,812,Service,fishing,0.51,5.0,142.0,20.0,2.0,3,1,0.0,0.0,0.0,0.0,0.0,0.2
771,813,Service,fishing,0.68,7.0,197.0,22.0,2.0,3,1,0.09,0.0,0.09,0.09,0.09,0.29
772,814,Cargo,bulker,0.77,12.0,69.0,251.0,10.5,4,1,0.22,0.06,0.0,0.0,0.16,0.0
773,815,Cargo,tanker,0.88,11.08,135.0,120.0,6.0,4,1,0.58,0.18,0.0,0.0,0.0,0.09
774,816,Cargo,vehicle_carrier,0.76,17.0,52.0,175.0,5.4,6,1,0.83,0.0,0.12,0.02,0.02,0.0
775,817,Service,fishing,0.53,7.0,148.0,22.0,2.0,3,1,0.01,0.0,0.01,0.01,0.01,0.21
776,818,Cargo,bulker,0.76,11.0,65.0,235.0,9.85,6,1,0.19,0.05,0.0,0.0,0.15,0.0
777,819,Service,dredger,0.79,8.0,166.0,116.0,5.0,4,1,0.02,0.92,0.0,0.0,0.0,0.0
778,820,Service,dredger,0.77,7.0,147.0,97.0,4.0,4,1,0.01,0.99,0.0,0.0,0.0,0.0
779,821,Cargo,containership,0.73,16.0,107.0,192.0,13.0,6,1,0.41,0.0,0.0,0.0,0.0,0.0
780,822,Cargo,bulker,0.79,10.0,53.0,292.0,12.1,4,1,0.28,0.09,0.0,0.0,0.19,0.0
781,823,Cargo,containership,0.72,14.0,60.0,163.0,11.0,6,1,0.37,0.0,0.0,0.0,0.0,0.0
782,824,Service,dredger,0.81,11.0,138.0,152.0,6.0,4,1,0.03,0.26,0.0,0.0,0.0,0.0
783,825,Cargo,tanker,0.79,8.58,143.0,137.0,8.0,5,1,0.45,0.05,0.0,0.0,0.0,0.03
784,826,Cargo,vehicle_carrier,0.78,20.0,58.0,178.0,6.38,6,1,0.91,0.0,0.16,0.06,0.06,0.0
785,827,Cargo,bulker,0.75,11.0,61.0,220.0,9.28,6,1,0.17,0.04,0.0,0.0,0.14,0.0
786,828,Service,tug,0.72,8.0,232.0,31.0,4.0,4,1,0.22,0.12,0.0,0.12,0.14,0.12
787,829,Service,dredger,0.77,7.0,146.0,96.0,4.0,4,1,0.01,0.22,0.0,0.0,0.0,0.0
788,830,Service,dredger,0.76,6.0,133.0,83.0,4.0,4,1,0.01,0.98,0.0,0.0,0.0,0.0
789,831,Service,tug,0.72,8.0,230.0,31.0,4.0,4,1,0.22,0.12,0.0,0.12,0.13,0.12
790,832,Service,recreational,0.71,17.0,120.0,35.0,2.0,4,1,0.27,0.0,0.17,0.15,0.0,0.25
791,833,Service,dredger,0.81,10.0,192.0,142.0,6.0,4,1,0.03,0.26,0.0,0.0,0.0,0.0
792,834,Service,fishing,0.56,9.0,158.0,24.0,3.0,4,1,0.03,0.0,0.03,0.03,0.03,0.23
793,835,Cargo,tanker,0.84,9.97,141.0,133.0,10.0,4,1,0.52,0.12,0.0,0.0,0.0,0.06
794,836,Cargo,bulker,0.75,11.0,63.0,227.0,9.54,6,1,0.18,0.04,0.0,0.0,0.14,0.0
795,837,Service,tug,0.76,9.0,255.0,34.0,6.0,6,1,0.26,0.16,0.0,0.16,0.21,0.16
796,838,Service,fishing,0.6,10.0,172.0,28.0,4.0,5,1,0.05,0.0,0.05,0.05,0.05,0.25
797,839,Service,tug,0.76,7.0,259.0,34.0,6.0,4,1,0.26,0.16,0.0,0.16,0.22,0.16
798,840,Cargo,bulker,0.74,10.0,56.0,201.0,8.54,4,1,0.14,0.02,0.0,0.0,0.12,0.0
799,841,Cargo,containership,0.73,16.0,107.0,193.0,12.0,6,1,0.42,0.0,0.0,0.0,0.0,0.0
800,842,Cargo,bulker,0.79,10.0,52.0,287.0,11.88,4,1,0.28,0.09,0.0,0.0,0.19,0.0
801,843,Service,recreational,0.7,15.0,116.0,35.0,2.0,4,1,0.27,0.0,0.17,0.13,0.0,0.23
802,844,Cargo,bulker,0.77,12.0,70.0,257.0,10.73,4,1,0.23,0.06,0.0,0.0,0.16,0.0
803,845,Cargo,bulker,0.72,10.0,51.0,182.0,7.78,4,1,0.11,0.01,0.0,0.0,0.11,0.0
804,846,Service,recreational,0.62,15.0,103.0,30.0,2.0,4,1,0.21,0.0,0.11,0.02,0.0,0.12
805,847,Cargo,tanker,0.81,9.06,147.0,278.0,9.0,5,1,0.48,0.08,0.0,0.0,0.0,0.04
806,848,Service,dredger,0.83,12.0,176.0,177.0,5.0,4,1,0.04,0.28,0.0,0.0,0.0,0.0
807,849,Cargo,bulker,0.72,10.0,50.0,175.0,7.51,4,1,0.1,0.0,0.0,0.0,0.1,0.0
808,850,Service,recreational,0.72,18.0,115.0,33.0,2.0,4,1,0.28,0.0,0.18,0.16,0.0,0.26
809,851,Service,fishing,0.62,11.0,177.0,29.0,4.0,5,1,0.06,0.0,0.06,0.06,0.06,0.26
810,852,Cargo,containership,0.74,16.0,108.0,303.0,6.0,6,1,0.46,0.0,0.0,0.0,0.0,0.0
811,853,Cargo,containership,0.72,15.0,101.0,171.0,12.0,6,1,0.38,0.0,0.0,0.0,0.0,0.0
812,854,Cargo,bulker,0.79,11.0,123.0,292.0,12.08,6,1,0.28,0.09,0.0,0.0,0.19,0.0
813,855,Cargo,tanker,0.79,8.5,142.0,135.0,7.0,4,1,0.45,0.05,0.0,0.0,0.0,0.02
814,856,Cargo,tanker,0.78,8.37,141.0,133.0,7.0,4,1,0.44,0.04,0.0,0.0,0.0,0.02
815,857,Service,fishing,0.69,12.0,170.0,27.0,3.0,4,1,0.1,0.0,0.1,0.1,0.1,0.3
816,858,Cargo,bulker,0.76,12.0,66.0,242.0,10.15,4,1,0.21,0.05,0.0,0.0,0.15,0.0
817,859,Cargo,containership,0.73,16.0,107.0,193.0,9.0,6,1,0.41,0.0,0.0,0.0,0.0,0.0
818,860,Cargo,tanker,0.77,8.05,139.0,128.0,7.0,4,1,0.43,0.03,0.0,0.0,0.0,0.01
819,861,Cargo,bulker,0.79,11.0,64.0,284.0,11.77,6,1,0.27,0.09,0.0,0.0,0.19,0.0
820,862,Service,tug,0.76,8.0,256.0,34.0,6.0,4,1,0.26,0.16,0.0,0.16,0.21,0.16
821,863,Cargo,tanker,0.84,9.83,143.0,137.0,10.0,5,1,0.52,0.12,0.0,0.0,0.0,0.06
822,864,Service,recreational,0.65,17.0,109.0,32.0,2.0,4,1,0.23,0.0,0.13,0.06,0.0,0.16
823,865,Service,tug,0.74,10.0,245.0,33.0,5.0,6,1,0.24,0.14,0.0,0.14,0.18,0.14
824,866,Service,dredger,0.84,6.0,135.0,85.0,4.0,4,1,0.05,0.29,0.0,0.0,0.0,0.0
825,867,Cargo,tanker,0.87,10.79,139.0,128.0,7.0,4,1,0.56,0.16,0.0,0.0,0.0,0.08
826,868,Cargo,containership,0.72,15.0,101.0,171.0,12.0,6,1,0.38,0.0,0.0,0.0,0.0,0.0
827,869,Cargo,vehicle_carrier,0.77,19.0,56.0,183.0,6.03,6,1,0.88,0.0,0.14,0.04,0.04,0.0
828,870,Service,tug,0.72,8.0,235.0,31.0,4.0,4,1,0.22,0.12,0.0,0.12,0.15,0.12
829,871,Service,dredger,0.78,8.0,164.0,114.0,5.0,4,1,0.02,0.99,0.0,0.0,0.0,0.0
830,872,Service,fishing,0.61,12.0,175.0,28.0,4.0,5,1,0.05,0.0,0.05,0.05,0.05,0.25
831,873,Service,fishing,0.53,7.0,149.0,22.0,2.0,3,1,0.01,0.0,0.01,0.01,0.01,0.21
832,874,Cargo,containership,0.73,16.0,105.0,186.0,8.0,6,1,0.4,0.0,0.0,0.0,0.0,0.0
833,875,Cargo,tanker,0.83,9.51,143.0,136.0,10.0,5,1,0.5,0.1,0.0,0.0,0.0,0.05
834,876,Cargo,bulker,0.78,12.0,121.0,266.0,11.09,4,1,0.24,0.07,0.0,0.0,0.17,0.0
835,877,Cargo,tanker,0.78,8.38,142.0,134.0,7.0,4,1,0.44,0.04,0.0,0.0,0.0,0.02
836,878,Cargo,containership,0.74,16.0,106.0,301.0,10.0,6,1,0.46,0.0,0.0,0.0,0.0,0.0
837,879,Service,fishing,0.52,6.0,144.0,21.0,2.0,3,1,0.01,0.0,0.01,0.01,0.01,0.21
838,880,Cargo,tanker,0.9,11.49,138.0,126.0,6.0,4,1,0.6,0.2,0.0,0.0,0.0,0.1
839,881,Service,fishing,0.63,10.0,182.0,30.0,4.0,5,1,0.07,0.0,0.07,0.07,0.07,0.27
840,882,Service,tug,0.8,7.0,220.0,30.0,4.0,4,1,0.3,0.2,0.0,0.2,0.3,0.2
841,883,Service,dredger,0.81,10.0,191.0,141.0,6.0,4,1,0.03,0.26,0.0,0.0,0.0,0.0
842,884,Cargo,bulker,0.79,12.0,125.0,281.0,11.66,4,1,0.27,0.08,0.0,0.0,0.18,0.0
843,885,Service,tug,0.74,9.0,243.0,32.0,5.0,6,1,0.24,0.14,0.0,0.14,0.17,0.14
844,886,Service,fishing,0.54,8.0,152.0,23.0,2.0,3,1,0.02,0.0,0.02,0.02,0.02,0.22
845,887,Service,fishing,0.6,12.0,171.0,27.0,3.0,4,1,0.05,0.0,0.05,0.05,0.05,0.25
846,888,Cargo,vehicle_carrier,0.75,16.0,51.0,172.0,5.2,6,1,0.82,0.0,0.11,0.01,0.01,0.0
847,889,Cargo,vehicle_carrier,0.78,20.0,60.0,177.0,6.6,6,1,0.93,0.0,0.16,0.06,0.06,0.0
848,890,Service,tug,0.7,7.0,223.0,30.0,4.0,4,1,0.2,0.1,0.0,0.1,0.11,0.1
849,891,Service,recreational,0.75,18.0,120.0,35.0,2.0,4,1,0.3,0.0,0.2,0.2,0.0,0.3
850,892,Service,tug,0.72,8.0,234.0,31.0,4.0,4,1,0.22,0.12,0.0,0.12,0.15,0.12
851,893,Cargo,vehicle_carrier,0.78,20.0,58.0,178.0,6.26,6,1,0.9,0.0,0.15,0.05,0.05,0.0
852,894,Service,fishing,0.59,12.0,168.0,27.0,3.0,4,1,0.04,0.0,0.04,0.04,0.04,0.24
853,895,Cargo,containership,0.73,12.0,109.0,281.0,6.0,6,1,0.43,0.0,0.0,0.0,0.0,0.0
854,896,Service,tug,0.72,8.0,232.0,31.0,4.0,4,1,0.22,0.12,0.0,0.12,0.14,0.12
855,897,Service,fishing,0.51,5.0,143.0,20.0,2.0,3,1,0.0,0.0,0.0,0.0,0.0,0.2
856,898,Cargo,containership,0.72,15.0,102.0,173.0,12.0,6,1,0.38,0.0,0.0,0.0,0.0,0.0
857,899,Cargo,containership,0.74,13.0,54.0,302.0,8.0,6,1,0.46,0.0,0.0,0.0,0.0,0.0
858,900,Cargo,vehicle_carrier,0.8,20.0,59.0,177.0,7.34,6,1,0.99,0.0,0.19,0.09,0.09,0.0
859,901,Service,tug,0.74,10.0,247.0,33.0,5.0,6,1,0.24,0.14,0.0,0.14,0.19,0.14
860,902,Cargo,tanker,0.9,11.44,143.0,137.0,8.0,5,1,0.6,0.2,0.0,0.0,0.0,0.1
861,903,Cargo,bulker,0.72,10.0,51.0,180.0,7.71,4,1,0.11,0.0,0.0,0.0,0.1,0.0
862,904,Cargo,vehicle_carrier,0.79,20.0,59.0,179.0,6.78,6,1,0.94,0.0,0.17,0.07,0.07,0.0
863,905,Cargo,vehicle_carrier,0.78,18.0,60.0,181.0,6.71,6,1,0.94,0.0,0.17,0.07,0.07,0.0
864,906,Cargo,tanker,0.75,7.5,135.0,120.0,6.0,4,1,0.4,0.0,0.0,0.0,0.0,0.0
865,907,Cargo,bulker,0.78,12.0,121.0,264.0,11.01,6,1,0.24,0.07,0.0,0.0,0.17,0.0
866,908,Service,fishing,0.63,5.0,181.0,30.0,4.0,5,1,0.06,0.0,0.06,0.06,0.06,0.26
867,909,Service,recreational,0.63,16.0,106.0,31.0,2.0,4,1,0.22,0.0,0.12,0.04,0.0,0.14
868,910,Service,tug,0.76,10.0,259.0,34.0,6.0,6,1,0.26,0.16,0.0,0.16,0.22,0.16
869,911,Service,recreational,0.67,18.0,114.0,33.0,2.0,4,1,0.25,0.0,0.15,0.09,0.0,0.19
870,912,Service,fishing,0.61,9.0,173.0,28.0,4.0,5,1,0.05,0.0,0.05,0.05,0.05,0.25
871,913,Service,dredger,0.76,6.0,132.0,82.0,4.0,4,1,0.0,0.95,0.0,0.0,0.0,0.0
872,914,Cargo,vehicle_carrier,0.75,16.0,50.0,171.0,5.14,6,1,0.81,0.0,0.11,0.01,0.01,0.0
873,915,Cargo,bulker,0.73,10.0,55.0,197.0,8.37,4,1,0.13,0.02,0.0,0.0,0.12,0.0
874,916,Cargo,vehicle_carrier,0.78,20.0,60.0,176.0,6.71,6,1,0.94,0.0,0.17,0.07,0.07,0.0
875,917,Cargo,containership,0.74,16.0,105.0,308.0,7.0,6,1,0.47,0.0,0.0,0.0,0.0,0.0
876,918,Cargo,vehicle_carrier,0.79,19.0,60.0,184.0,7.18,6,1,0.97,0.0,0.19,0.09,0.09,0.0
877,919,Cargo,vehicle_carrier,0.78,20.0,60.0,178.0,6.69,6,1,0.94,0.0,0.17,0.07,0.07,0.0
878,920,Service,fishing,0.62,10.0,178.0,29.0,4.0,5,1,0.06,0.0,0.06,0.06,0.06,0.26
879,921,Service,fishing,0.7,10.0,198.0,25.0,3.0,4,1,0.1,0.0,0.1,0.1,0.1,0.3
880,922,Service,fishing,0.51,5.0,143.0,20.0,2.0,3,1,0.01,0.0,0.01,0.01,0.01,0.21
881,923,Service,recreational,0.72,18.0,115.0,33.0,2.0,4,1,0.28,0.0,0.18,0.16,0.0,0.26
882,924,Cargo,containership,0.73,16.0,107.0,192.0,11.0,6,1,0.41,0.0,0.0,0.0,0.0,0.0
883,925,Service,dredger,0.85,6.0,131.0,81.0,4.0,4,1,0.05,0.91,0.0,0.0,0.0,0.0
884,926,Service,dredger,0.81,11.0,173.0,152.0,6.0,4,1,0.03,0.99,0.0,0.0,0.0,0.0
885,927,Service,fishing,0.63,7.0,180.0,30.0,4.0,5,1,0.06,0.0,0.06,0.06,0.06,0.26
886,928,Cargo,bulker,0.74,11.0,59.0,214.0,9.03,6,1,0.16,0.03,0.0,0.0,0.13,0.0
887,929,Service,recreational,0.63,16.0,106.0,31.0,2.0,4,1,0.22,0.0,0.12,0.04,0.0,0.14
888,930,Cargo,tanker,0.89,11.31,137.0,125.0,10.0,4,1,0.59,0.19,0.0,0.0,0.0,0.1
889,931,Cargo,bulker,0.78,11.0,124.0,278.0,11.53,6,1,0.26,0.08,0.0,0.0,0.18,0.0
890,932,Service,tug,0.75,7.0,253.0,34.0,6.0,4,1,0.25,0.15,0.0,0.15,0.2,0.15
891,933,Service,tug,0.75,8.0,253.0,34.0,6.0,4,1,0.25,0.15,0.0,0.15,0.21,0.15
892,934,Cargo,bulker,0.76,11.0,64.0,234.0,9.81,6,1,0.19,0.05,0.0,0.0,0.15,0.0
893,935,Service,fishing,0.66,12.0,192.0,30.0,4.0,5,1,0.08,0.0,0.08,0.08,0.08,0.28
894,936,Cargo,tanker,0.77,8.12,139.0,129.0,7.0,4,1,0.43,0.03,0.0,0.0,0.0,0.02
895,937,Cargo,tanker,0.83,9.65,139.0,128.0,10.0,4,1,0.51,0.11,0.0,0.0,0.0,0.05
896,938,Service,recreational,0.67,18.0,114.0,33.0,2.0,4,1,0.24,0.0,0.14,0.09,0.0,0.19
897,939,Cargo,tanker,0.89,11.17,138.0,126.0,6.0,4,1,0.58,0.18,0.0,0.0,0.0,0.09
898,940,Service,tug,0.74,9.0,242.0,32.0,5.0,6,1,0.24,0.14,0.0,0.14,0.17,0.14
899,941,Cargo,containership,0.72,14.0,100.0,165.0,11.0,6,1,0.37,0.0,0.0,0.0,0.0,0.0
900,942,Service,fishing,0.7,11.0,165.0,26.0,3.0,4,1,0.1,0.0,0.1,0.1,0.1,0.3
901,943,Cargo,tanker,0.83,9.67,142.0,135.0,10.0,4,1,0.51,0.11,0.0,0.0,0.0,0.05
902,944,Service,recreational,0.6,15.0,100.0,30.0,2.0,4,1,0.2,0.0,0.1,0.0,0.0,0.1
903,945,Service,tug,0.74,10.0,247.0,33.0,5.0,6,1,0.24,0.14,0.0,0.14,0.19,0.14
904,946,Cargo,containership,0.7,12.0,51.0,124.0,6.0,6,1,0.31,0.0,0.0,0.0,0.0,0.0
905,947,Cargo,vehicle_carrier,0.76,17.0,53.0,176.0,5.5,6,1,0.84,0.0,0.12,0.02,0.02,0.0
906,948,Cargo,vehicle_carrier,0.78,20.0,58.0,181.0,6.3,6,1,0.9,0.0,0.15,0.05,0.05,0.0
907,949,Cargo,containership,0.72,14.0,60.0,163.0,11.0,6,1,0.37,0.0,0.0,0.0,0.0,0.0
908,950,Service,tug,0.72,8.0,233.0,31.0,4.0,4,1,0.22,0.12,0.0,0.12,0.14,0.12
909,951,Service,recreational,0.71,16.0,105.0,31.0,2.0,4,1,0.28,0.0,0.18,0.15,0.0,0.25
910,952,Cargo,containership,0.71,12.0,53.0,134.0,7.0,6,1,0.32,0.0,0.0,0.0,0.0,0.0
911,953,Service,fishing,0.5,5.0,140.0,20.0,2.0,3,1,0.0,0.0,0.0,0.0,0.0,0.2
912,954,Service,fishing,0.53,7.0,151.0,22.0,2.0,3,1,0.02,0.0,0.02,0.02,0.02,0.22
913,955,Cargo,vehicle_carrier,0.78,19.0,60.0,183.0,6.66,6,1,0.93,0.0,0.17,0.07,0.07,0.0
914,956,Cargo,tanker,0.85,10.23,147.0,279.0,9.0,5,1,0.54,0.14,0.0,0.0,0.0,0.07
915,957,Service,recreational,0.67,18.0,114.0,33.0,2.0,4,1,0.25,0.0,0.15,0.09,0.0,0.19
916,958,Cargo,vehicle_carrier,0.77,18.0,55.0,180.0,5.81,6,1,0.86,0.0,0.13,0.03,0.03,0.0
917,959,Cargo,tanker,0.82,9.4,150.0,284.0,9.0,5,1,0.49,0.09,0.0,0.0,0.0,0.05
918,960,Cargo,tanker,0.81,9.05,147.0,278.0,9.0,5,1,0.48,0.08,0.0,0.0,0.0,0.04
919,961,Service,dredger,0.81,11.0,187.0,152.0,6.0,4,1,0.03,0.26,0.0,0.0,0.0,0.0
920,962,Service,fishing,0.55,9.0,156.0,24.0,3.0,4,1,0.03,0.0,0.03,0.03,0.03,0.23
921,963,Service,tug,0.8,9.0,254.0,34.0,6.0,6,1,0.3,0.2,0.0,0.2,0.3,0.2
922,964,Cargo,bulker,0.79,12.0,125.0,281.0,11.65,6,1,0.27,0.08,0.0,0.0,0.18,0.0
923,965,Service,tug,0.72,8.0,234.0,31.0,4.0,4,1,0.22,0.12,0.0,0.12,0.15,0.12
924,966,Cargo,bulker,0.72,10.0,51.0,179.0,7.67,4,1,0.11,0.0,0.0,0.0,0.1,0.0
925,967,Cargo,containership,0.75,16.0,105.0,187.0,7.0,6,1,0.5,0.0,0.0,0.0,0.0,0.0
926,968,Service,fishing,0.66,6.0,191.0,21.0,2.0,3,1,0.08,0.0,0.08,0.08,0.08,0.28
927,969,Cargo,tanker,0.81,9.01,147.0,278.0,9.0,5,1,0.48,0.08,0.0,0.0,0.0,0.04
928,970,Service,recreational,0.72,17.0,109.0,32.0,2.0,4,1,0.28,0.0,0.18,0.17,0.0,0.27
929,971,Cargo,bulker,0.74,11.0,58.0,208.0,8.82,6,1,0.15,0.03,0.0,0.0,0.13,0.0
930,972,Service,tug,0.77,7.0,227.0,35.0,6.0,4,1,0.27,0.17,0.0,0.17,0.25,0.17
931,973,Cargo,tanker,0.77,8.12,139.0,129.0,7.0,4,1,0.43,0.03,0.0,0.0,0.0,0.02
932,974,Cargo,bulker,0.79,11.0,60.0,290.0,12.02,6,1,0.28,0.09,0.0,0.0,0.19,0.0
933,975,Cargo,bulker,0.76,11.0,65.0,238.0,9.97,6,1,0.2,0.05,0.0,0.0,0.15,0.0
934,976,Service,dredger,0.83,12.0,162.0,174.0,5.0,4,1,0.04,0.28,0.0,0.0,0.0,0.0
935,977,Cargo,bulker,0.77,12.0,70.0,255.0,10.65,4,1,0.23,0.06,0.0,0.0,0.16,0.0
936,978,Service,recreational,0.75,16.0,118.0,34.0,2.0,4,1,0.3,0.0,0.2,0.2,0.0,0.3
937,979,Service,fishing,0.59,12.0,169.0,27.0,3.0,4,1,0.05,0.0,0.05,0.05,0.05,0.25
938,980,Service,recreational,0.66,18.0,113.0,33.0,2.0,4,1,0.24,0.0,0.14,0.09,0.0,0.19
939,981,Cargo,vehicle_carrier,0.8,17.0,53.0,177.0,7.29,6,1,0.98,0.0,0.19,0.09,0.09,0.0
940,982,Cargo,tanker,0.83,9.52,138.0,126.0,10.0,4,1,0.5,0.1,0.0,0.0,0.0,0.05
941,983,Service,fishing,0.63,11.0,182.0,30.0,4.0,5,1,0.07,0.0,0.07,0.07,0.07,0.27
942,984,Service,dredger,0.83,12.0,200.0,172.0,6.0,4,1,0.04,0.96,0.0,0.0,0.0,0.0
943,985,Service,fishing,0.57,10.0,161.0,25.0,3.0,4,1,0.03,0.0,0.03,0.03,0.03,0.23
944,986,Service,fishing,0.52,6.0,147.0,21.0,2.0,3,1,0.01,0.0,0.01,0.01,0.01,0.21
945,987,Service,tug,0.75,7.0,254.0,34.0,6.0,4,1,0.25,0.15,0.0,0.15,0.21,0.15
946,988,Service,fishing,0.69,9.0,200.0,24.0,3.0,4,1,0.1,0.0,0.1,0.1,0.1,0.3
947,989,Service,dredger,0.84,12.0,130.0,80.0,4.0,4,1,0.04,0.98,0.0,0.0,0.0,0.0
948,990,Service,recreational,0.72,15.0,116.0,34.0,2.0,4,1,0.28,0.0,0.18,0.16,0.0,0.26
949,991,Service,fishing,0.53,7.0,149.0,22.0,2.0,3,1,0.01,0.0,0.01,0.01,0.01,0.21
950,992,Cargo,containership,0.75,13.0,56.0,145.0,9.0,6,1,0.5,0.0,0.0,0.0,0.0,0.0
951,993,Cargo,tanker,0.76,7.75,136.0,123.0,6.0,4,1,0.41,0.01,0.0,0.0,0.0,0.01
952,994,Service,fishing,0.69,7.0,200.0,22.0,2.0,3,1,0.09,0.0,0.09,0.09,0.09,0.29
953,995,Cargo,tanker,0.78,8.23,140.0,131.0,7.0,4,1,0.44,0.04,0.0,0.0,0.0,0.02
954,996,Cargo,containership,0.75,15.0,103.0,316.0,13.0,6,1,0.48,0.0,0.0,0.0,0.0,0.0
955,997,Cargo,containership,0.72,15.0,103.0,179.0,13.0,6,1,0.39,0.0,0.0,0.0,0.0,0.0
956,998,Cargo,tanker,0.77,8.16,140.0,130.0,7.0,4,1,0.43,0.03,0.0,0.0,0.0,0.02
957,999,Cargo,bulker,0.78,12.0,124.0,275.0,11.41,4,1,0.26,0.08,0.0,0.0,0.18,0.0
958,1000,Cargo,vehicle_carrier,0.79,19.0,56.0,183.0,6.94,6,1,0.96,0.0,0.18,0.08,0.08,0.0
959,1001,Service,tug,0.78,7.0,223.0,30.0,4.0,4,1,0.28,0.18,0.0,0.18,0.26,0.18
960,1002,Cargo,bulker,0.76,12.0,66.0,241.0,10.1,6,1,0.2,0.05,0.0,0.0,0.15,0.0
961,1003,Cargo,bulker,0.76,11.0,65.0,238.0,9.99,6,1,0.2,0.05,0.0,0.0,0.15,0.0
962,1004,Service,recreational,0.66,18.0,113.0,33.0,2.0,4,1,0.24,0.0,0.14,0.08,0.0,0.18
963,1005,Service,tug,0.75,10.0,250.0,33.0,5.0,6,1,0.25,0.15,0.0,0.15,0.2,0.15
964,1006,Service,tug,0.73,9.0,242.0,32.0,5.0,6,1,0.23,0.13,0.0,0.13,0.17,0.13
965,1007,Cargo,bulker,0.79,10.0,51.0,284.0,11.78,4,1,0.27,0.09,0.0,0.0,0.19,0.0
966,1008,Service,fishing,0.6,12.0,173.0,28.0,4.0,5,1,0.05,0.0,0.05,0.05,0.05,0.25
967,1009,Service,recreational,0.63,16.0,105.0,31.0,2.0,4,1,0.22,0.0,0.12,0.04,0.0,0.14
968,1010,Service,recreational,0.7,16.0,119.0,35.0,2.0,4,1,0.27,0.0,0.17,0.13,0.0,0.23
969,1011,Cargo,containership,0.72,14.0,100.0,166.0,11.0,6,1,0.37,0.0,0.0,0.0,0.0,0.0
970,1012,Service,dredger,0.78,8.0,163.0,113.0,5.0,4,1,0.02,0.23,0.0,0.0,0.0,0.0
971,1013,Service,tug,0.79,10.0,251.0,33.0,5.0,6,1,0.29,0.19,0.0,0.19,0.28,0.19
972,1014,Cargo,bulker,0.76,12.0,66.0,240.0,10.08,4,1,0.2,0.05,0.0,0.0,0.15,0.0
973,1015,Cargo,containership,0.71,12.0,53.0,133.0,7.0,6,1,0.32,0.0,0.0,0.0,0.0,0.0
974,1016,Cargo,tanker,0.8,8.96,146.0,277.0,8.0,5,1,0.47,0.07,0.0,0.0,0.0,0.04
975,1017,Cargo,vehicle_carrier,0.77,19.0,57.0,185.0,6.2,6,1,0.9,0.0,0.15,0.05,0.05,0.0
976,1018,Service,dredger,0.79,9.0,170.0,120.0,5.0,4,1,0.02,0.24,0.0,0.0,0.0,0.0
977,1019,Service,dredger,0.75,6.0,124.0,74.0,4.0,4,1,0.0,0.2,0.0,0.0,0.0,0.0
978,1020,Service,dredger,0.76,6.0,134.0,84.0,4.0,4,1,0.01,0.95,0.0,0.0,0.0,0.0
979,1021,Service,recreational,0.68,16.0,116.0,34.0,2.0,4,1,0.25,0.0,0.15,0.11,0.0,0.21
980,1022,Cargo,tanker,0.77,8.03,139.0,128.0,7.0,4,1,0.43,0.03,0.0,0.0,0.0,0.01
981,1023,Service,dredger,0.8,9.0,182.0,132.0,5.0,4,1,0.02,0.25,0.0,0.0,0.0,0.0
982,1024,Cargo,tanker,0.87,10.69,135.0,121.0,6.0,4,1,0.56,0.16,0.0,0.0,0.0,0.08
983,1025,Service,fishing,0.54,8.0,153.0,23.0,2.0,3,1,0.02,0.0,0.02,0.02,0.02,0.22
984,1026,Service,dredger,0.75,6.0,123.0,73.0,4.0,4,1,0.0,0.95,0.0,0.0,0.0,0.0
985,1027,Cargo,vehicle_carrier,0.75,16.0,50.0,170.0,5.05,6,1,0.8,0.0,0.1,0.0,0.0,0.0
986,1028,Cargo,tanker,0.82,9.35,149.0,283.0,9.0,5,1,0.49,0.09,0.0,0.0,0.0,0.05
987,1029,Cargo,tanker,0.84,9.92,144.0,139.0,10.0,5,1,0.52,0.12,0.0,0.0,0.0,0.06
988,1030,Cargo,vehicle_carrier,0.8,16.0,50.0,171.0,7.39,6,1,0.99,0.0,0.2,0.1,0.1,0.0
989,1031,Service,dredger,0.82,11.0,193.0,159.0,6.0,4,1,0.04,0.27,0.0,0.0,0.0,0.0
990,1032,Cargo,vehicle_carrier,0.77,19.0,56.0,182.0,5.97,6,1,0.88,0.0,0.14,0.04,0.04,0.0
991,1033,Cargo,tanker,0.89,11.33,141.0,133.0,7.0,4,1,0.59,0.19,0.0,0.0,0.0,0.1
992,1034,Cargo,vehicle_carrier,0.79,16.0,50.0,171.0,7.06,6,1,0.96,0.0,0.18,0.08,0.08,0.0
993,1035,Cargo,tanker,0.86,10.54,149.0,282.0,9.0,5,1,0.55,0.15,0.0,0.0,0.0,0.08
994,1036,Cargo,tanker,0.81,9.16,148.0,280.0,9.0,5,1,0.48,0.08,0.0,0.0,0.0,0.04
995,1037,Service,fishing,0.52,6.0,145.0,21.0,2.0,3,1,0.01,0.0,0.01,0.01,0.01,0.21
996,1038,Cargo,bulker,0.73,10.0,53.0,189.0,8.06,4,1,0.12,0.01,0.0,0.0,0.11,0.0
997,1039,Cargo,tanker,0.85,10.2,140.0,131.0,7.0,4,1,0.54,0.14,0.0,0.0,0.0,0.07
998,1040,Service,dredger,0.78,8.0,159.0,109.0,5.0,4,1,0.02,0.23,0.0,0.0,0.0,0.0
999,1041,Cargo,containership,0.72,15.0,103.0,176.0,13.0,6,1,0.39,0.0,0.0,0.0,0.0,0.0
